-- phpMyAdmin SQL Dump
-- version 5.1.1
-- https://www.phpmyadmin.net/
--
-- Servidor: 127.0.0.1
-- Tiempo de generación: 03-11-2022 a las 18:29:19
-- Versión del servidor: 10.4.21-MariaDB
-- Versión de PHP: 8.0.10

SET SQL_MODE = "NO_AUTO_VALUE_ON_ZERO";
START TRANSACTION;
SET time_zone = "+00:00";


/*!40101 SET @OLD_CHARACTER_SET_CLIENT=@@CHARACTER_SET_CLIENT */;
/*!40101 SET @OLD_CHARACTER_SET_RESULTS=@@CHARACTER_SET_RESULTS */;
/*!40101 SET @OLD_COLLATION_CONNECTION=@@COLLATION_CONNECTION */;
/*!40101 SET NAMES utf8mb4 */;

--
-- Base de datos: `tss_lms`
--

-- --------------------------------------------------------

--
-- Estructura de tabla para la tabla `archivo`
--

CREATE TABLE `archivo` (
  `id` int(11) NOT NULL,
  `enlace` varchar(255) DEFAULT NULL,
  `id_capitulo` int(11) NOT NULL,
  `contenido` text DEFAULT NULL,
  `tipo` int(11) DEFAULT NULL
) ENGINE=InnoDB DEFAULT CHARSET=utf8mb4;

--
-- Volcado de datos para la tabla `archivo`
--

INSERT INTO `archivo` (`id`, `enlace`, `id_capitulo`, `contenido`, `tipo`) VALUES
(1, 'enlace de la practica de intro a la simulacion de sistemas', 1, NULL, NULL),
(2, 'enlace de la practica de generacion de variables aleatorias', 2, NULL, NULL),
(3, 'pdf para el tema 1', 1, NULL, NULL),
(4, 'imagen para el tema 1', 1, NULL, NULL),
(5, 'jpg para el tema 2', 2, NULL, NULL),
(6, 'pdf para el tema 2', 2, NULL, NULL),
(7, 'ejemplo de contenido puro', 1, 'iVBORw0KGgoAAAANSUhEUgAAA+IAAAJqCAYAAACvjvpKAAAAAXNSR0IArs4c6QAAAARnQU1BAACxjwv8YQUAAAAJcEhZcwAADsMAAA7DAcdvqGQAAISuSURBVHhe7b0LsCVXed97clPXt5LcpFJOrm/lVt26oVzhlsEg8RBg8RC2wZjgYOmIkRUshCJkJIO4oEBAREGC4UwIAjIGgeOR0GMszoyEDMISwoCFkEHM2GMwEnGiCeIpWQyMZIEEgpiH+/bXvVb3enyre/V+9N7n7N+v6l8ze/Xqtb71rdW9+7+79z5rT33qUwu0GB1//PEIIYQQQmgJpV27IYTQrIQRX4C0k/0v/MIvIIQQQgihBUq7RtOu5RBCaFphxEdUeGJ/ylOeUjzxiU8sjj322OKxj31s8fM///PFox/9aIQQQgghNKLkGkyuxeSaTK7N5BotvG7Tru0Qmp+eVjzxF59X/Ivnv6L4P0+9uPiHZ1xZ/K/nfLhYO/cWZCT5+EdlXiQ//+JfnVs88Zn/ssqbns/lE0Z8JLkncjm5P+5xj1PfCBBCCCGE0OIlpjw05No1HkKz1dOKn3vebxX/y8s+rppP1C3J28/9y5dUedTzuzzCiI8ge/KWR57kU1btZI8QQgghhJZLcqf8CU94gvfYunath9As9IRfen7x91+yXzWYaJj+wUv2FU/4xV9T87wswojPWa4Jf/zjH6+e5JdFj3rUo9RyhBBCCK2euC6oJXmQazjMOJqnjvmV3yjWXn6zaipXXT911nXFz6xfWPzsL7+w+Lmn/mrxhMc9ptLPP/mE4pEnnFRtkzrRvmU+j332DjXfyyCM+BxlT9byWJM83qSd3BFCCCGE0PJLvlboPqquXfshNIl+9vmvjE0kqsz1//MrL2mMd5+krmbI5VF/Le+LFkZ8TrIn6a1wJxwhhBBCCPVLrunsNR5mHM1CxzzrBZFxRLcU/2THW4pjnvgk1XB3SfaRfcP2JM9a/hcpjPicZE/Qxx13HI92IYQQQghtA8k13ZOe9CSMOJqJnnzCs4u/w+PokcRIayZ7iEIzLnl+0jOerc7DojSREd/Y2FDLl0kveMELimuvvbb44he/WFi+8Y1vVGWyzdb77ne/6+03C9mTszy+NI8/SSbtXn/99cWDDz5YjUv+L2VaXYQQQgihReiiiy4qTj/9dHXbWJL+Zx2DXNst4hH1yy+/vJK2bVn0nOc8pzj//POLm266qbruFv7kT/6kKtfqL5MErXye4ofZYnWZ8F/55WcWr37lucW5L39pcdYZLypOOfnE4hee9ES1rig04//gzE11HhalQUZcDiIxth/5yEfU7cui97///cWRI0eqf88444ym/Nxzz61OYLJNDLmUzeOgsyfmeT2S/olPfKLS+vp68exnP7v6/4c+9CG1LkIIIYTQIvTkJz+5MmWve93rFvJnW+UaadeuXZXk/1qdSeU+oq5dC85acg0r168i+b9WZ1Fyb37JDa5PfepTxTvf+c6qXLyDvJZrcm3fZdI8PEGXHvsrp3omEdXfCU89jv6Kl720+L13/07xO2//T8WbL/r3xb8tDflZ/+a00oz/evH0pz5Z3UfaCr8zvkyPqGcb8a1iwu+6667eGGUsUu8v/uIvZn7Q2ZOyfDd8HnfDRYL7hiKG/KGHHvLqIIQQQgiNpfDO89Of/vTmWuXlL395ceGFFzbbxpJ8CHDSSSdVkhi0OpNKrvHG/BX1z3/+882HCst0LS7xiPmWG13uzS9XYsjlAwRt2zJJ0MrnJfnzWq5BRLcU/zzxw2y/9MynFde876riqvf+XnHJ77yt+I8731C85rxXFGe/5MXFqaecVPzqr/xS8cTHH6PuK226fSzTXfEsI/7iF7+4MuHL/jiMfNqWG6P9hG7WB509Icv3h7QT9ywk5JRNr2cU5+x6V3H+Sdq2BeoZ55Qn/nOKZwTlJ51vYr3+y0Xx4KHiLcH2MSRdN3z5eqXOW4pD8o0CddsS6KTzi3edf5K+bQXUrCFl26L0jHN2TTQndizV/srxghBCs9Tb3va2Sva1GHF5LSZYXp933nmjPqYu/YtJtK8lFrlD79aZVmN9V1wMrmtkxfi6X7NcpOQDgpxYJP5liTklQSufh57y9F/0zOFQfef7Pypesnmnus2V1HN56x9/Xa0nbXVtH0Ny51oz0qI3v+k/FH/4gWuL37/ysuI97/rPpRG/sHjtq19Z/PZLzyxeeMp68S9/9VnFU5+SfkQ9vCsu+dfmZWz1GnEx4XK3ddm/F24/bRODrW23kpOXy6y/I25PyLN+LF1Own/1V39lok4jdV7xileobQxXvxHXTIIYgF3nPMMrm6XU9sWcv+v84iT5/0KMeKbBtk59KY34kn7w0iV33qfVLNuaoSYy4ks6FoTQ9pSYbTHaImu8RfI4upjh5z3veZUJFjM8xiPq0kcYi3wIIGWz7H+Mx9Plula+Yy15tGVy02lZ7orLdXTftfdWkaCVz0OPeu4ZnjEcqiFG3NYTky2EdWahWbT7Mye9QTXRos29V1RG/Oqr3qsa8eeVRvxpx6d/YV3advuS/GvzMrY6jfhWMeEiOSEtwx17ORnLo0rHHHOMetKeVPfee29lxrVtrqTO4cOH1W3DtYxG/KTifMVgSBxNn4sw4ll9ill/sPjyl0vHvoxGPPGkwVJrhobTW0NLpEmM+LKOBSG0PSWPgIvZFsn3wd1t9nva8n95PPzUU0/1ts9C0q+YbOn7Xe96V2X4Q9NtzblskzpSV17Lvm5bQyTXevbxdO2acBJJLsV4269PitGVJzhdsyv/l69Yhsz65lKOJDaJ2S2Ta1H5sbYuZIxSz91v0RK08nnon52yyzOGQzWJERd97a9/MJe73oJWPkSPPOFE1USLNCP+ute8yrsj3mXEpW23L8m/Ni9jK2nExXzLHWYx49r2ZZM8GrMMB7Q14o95zGPUk/akErRyTUPqdssacTG/76reuN71rl3FOc+ot4vhrstqnX9SXb8tM3XlcWcxePKv3RYYPq8ts60qCw2I+ui09NvG1Zhie/dZCEzyW6rb1y1fvj617cvF9c1+15evWh489JZmH+nKbUNT1W5pwO2/Wh2R139Zrx5O3Ve8b30nvunbjP2QCVTK3f1ryTgeLA69xb6uFZu3YD6dOavMoS0v5e5njaM7p812uxZM3bgs6NOZ67rdc8z2cr5f5Kwnr+6ANuyaqfZxX5dy12tUN31cuHWa/TNzV8nr9/ziHJPPto7br/ahVzAWJb9e7FXbbrxdeQj788dZt+vv74+Xu/QIbTeFj4DL/6XMrSO/ni6GXEyvmDZ32ywk5lrueA/5QTape9ZZZ1X7attzJNd6szbiYqblxtKy/SBbSvKjbOEPsYk577s5tkx39a0ErXwe+scv+j3PGA6Va7DFXG/++Ter+IXP3/NdtZ6tK6/FjMv/RVJHtgmyTbD17T7SvtuHYA29i+375sMPmJKi2t9tL6UuI977aPpzfrnz0XT50Ta3L8m/Ni/T6OSTT46eDpHXUu6Wiay/ThpxMeGTsohP5AStPEfu926mlTXi2gl7GglauaYhdbtlL7Lbi+fKXIWmwjMJyh1xeyHv1PNMtmcUyjbLi3n5f2zErYmwr42C/bXHv6ui5nVpXr98qDHmlbm1Rv0th0qL6pjv60sjXP2/NuGt2XbNbH2n+9D1sq8lMLpOu11G3ItFZMYyyIiXuB8K5Bnx0EDVuXbn8aRz6hzXxso1VLWps/NijVczT9X827b1fuq6YZ/+fNftBiYxuiM+QRuicA1VMTvtetvrNtPHRRhDfu6ifqvxucdBUD/KZyltLMnY6/bcnITH3UnlRbOXh2ZfZZyyr9NWNV4nluq1d0wjhLa65C63+91v+X/4w2hyF1wkd6WnMb4pySPo0m74AUCf5IMB9/H1STRrIy4fZMh19LLdLU5J4gyvowX3tUi71tbqjanwO+thPPP8TvtP/dYHPWM4VKERt2ZaJNhtbj0x0raefUzdvTsuyL9ipqWu/F/2ddu2skbevrb7imRf98MAMeW2vS5pBtrq+KccV1xz9ZXFlfJjbbvrH2v7d//2/yt++7f+Te+PtVm5fUn+tXmZVHIDW5DfVLNlYsAtrkG3Hls+lOy9I75VPpETwk8hciT7CNq2STSmEZeTn/Z9cK3uZPJNTKXA+GgX1nIx7l6cR8ZA5LYTmo+UZJ+wnVLSnxdj7Tz9x8RDg53aVv0/vlustSmmuDa4tRn2tleG2Pbnm+W0EQ9MtZFrpLOMeBCnu38txYjLHLjzqM1ZJWVNlHLXQbwm/H289eGug2BtVXLiUk1cuM8kbZQK11C0hqsxWIPZc1xMkbu43yBmpW3ZHpphrw9vnzgGqe/lJBm/yDH+Wq69Dwa08cr2cB+E0FaVGOuLL77Y+xG0vu+CT2t8U8ox4/Ihgfx6u3xYLP+6HyBMqlkbcVGOGZftIYu4ESYSv+CaVsHdPqRsLNnflnJz7MZjP2CYlxn/u7/9Ec8YDlVoxF1D7b6Wei62TmikRXa7u01MtMjWcdtLGXEx4SGuMU9JM8+uXvbSM4tLfuftxTve9pbmz5e99MzTixec+GvFU3/hOHUfV25f8zLi8pURWzaVERfJbXM5qLfCd8Rl4JN8aCD7uEmbVtaIz/pPlwlamXx3XCsPyyZTj+EopRmbyEyoF/bBBbnUCe7MhQoNRy3lwl4xo7X5dO90i1F2cbZVZtyUuuZZozLFmoFuy6quHPOcNuLanepxjHho3rR5reUaLUfOHMf7ButI1pBTt5nTZg0ESrZr2lLX0YA2ojVUx6u1U4+h+7iYPHeacfXbq/6vxNX2pxwPztxosUubncdrNTa3PzOGsF4ld4zyf3e/YH9vP4TQVpSY3/gYrzUvw92lLjMuj8drcU7zZ9Xm8Wi61Va6My6PmEu89rXgbh9SNqas2bY5tvHY8t/8zd/06s9S//CMKz1jOFRDjLit56rLiIvsfvKvW2bbDfd393XvqA/Rzz3tOaqBdnXC03+heNUrfrt42TkvKf7N6S8sdpz4/OJJT3ycWteVtO32tfSPplttFTM+5E+XuZL9wu+2TCNrxB/72MeqJ+1JJYRlcqLYFnfEo3LtQl03MarpUcyod9c73J68Wy6G1Zhc2Uc1z7XqzW6ZNch1Gzphn05/QTtzNeLaXKgmS6Sbxaq+axa9OQn3kdcyl/ZfUy5xqH3WUuc6jH2CNlJrOBpjo57jYorcRceOKWvic+pqUnPkxRPHIPskj9dobTjHodQL101V385pML8IoW0n+93vsFzKZFtYPobkB9jCDwHkzrdrvuVuvft60jvj8/ixNlfyXWvX4C6rJEb5cTn7WrD/atg794LdZ1FyzbhgX//Gb/xGtf30necUr/7gRvGmP3tP9a+8DtuYRD9z6ts8YzhU8zbichdctrt3st22pNzd393mPgI/RD/7Sy9UTfQsJG27fS39j7W5Eicvd43f+973qtuXQfLoiBzYQx5Pt/vM8rETORmLjj32WPWkPakErVzTkLrd6jEcpVImJrqwL9/o2nbqdm2dZ5xzvnOx3l7o9xuQxIW+OM+S1tB2m9n6bndr0sP96teaSXZU9ekY6/C1I79/P7ZqN9dIm7E0Rjpot47diUu2B0a8quOU1U22RjwyYpXqu5lu+aDviHtzlTB/558fmGZ/XYTS1lpsFIe2kVhDmslsFI/Hj2PK3Lnbq3ad4yCo76tjLJMacW9f87ox2so45Zh1PjCrxuPNMUJou0jMthgwbZtItg358bRZSR73DPsN74ZLmft60rvicq1nr/u0a8JpJT9EnHraU65fQ6zBXYQkVvv9WCHcnlu2CFnzLbh3wl9zfW3AQ4khD9sYqkf+2ss8YzhU8zbiso/gtuv+AFtoxOW1LXdfW9x2Uur682WiHS/49eKVr/jt4t+f/5ri373mlcXLzjmrOO1f7yie8+xnFsc/+QnqPlbhny+T/GvzMrayjLhIDK6YcflzBNr2ZZDc2ZY/h6Bt0yQnjVneDRfZE/Jxxx2nnrQnlaCVaxpSt1t9hkNUX4zLG1lTz5oH985ZeTF+TnWRbuSaoerivt1m23GNuPw/Mh/Sj3aRb8yo/eXwCu8usn+X+sEvy/1hY26dx9IF705ysM01s5Vqh2vQTbioy4jb1w1lvXo4bRxuNw8eut75sKCUGbtrxMM267v0NvaEeavUzm04Z7VhbLeFxi42u9o6UuY07NOpE7dbqzZ/pZptA9pIraFS4Ri7zGzXcVEpM3fR9rLPk7SYnf2b4yw1Fs9MDzTipn7TV3mB6z2ZEsSi/Wp6Mz9WyhwihLae+v4UmWwLf7RtDMl5RisThd9bd++Mu+W5kmu9eRpxwX0tH26IaXTLlkk2tjDuIWWLkjXjdgxy51sz4We/+9XFy9/7+qnvjD/pGc/2jCG6pfips65TTbT8jfB3/ueLi9+/4tLi0v/yrmL32/9T/R3xV51bnH3Wi4vfeMGJ1Y+1PfUpTyged+yj1Takbbcvyb82L2Mr24iLtoIZl8d45BO5rjvjcgdcHqGRutr2aWRPyE95ylPUk/akWszfEZ+RvAv7CRSZnFpygZ+687l95N6Vn4OmnZstru20hpZiLIljFSG0/SSmMPWDbCLZ1nXHfB6SH4qzfcpdcflapcTRd0d80sfo7WPp8zDicq0qxlD+L3fFv/GNbyzNn+rtk2awc8uWRdrdcDHhJzzrmdUd8VncFf/fXnq9Zw7RLcU//5WXeAb6N089ubh2397ihg++v/iDazeLq8yvpu9603+ofzX9pWcW/9r8+TL5O+KPO/bni8eXctuQNt0+fqrMuzYfi9AgI261zN8XFwMud7nl8Zxrr722ekRJykTyyax8j1y2SZ0usz6N7En58Y9/vHrinkTyXXAx2H2IYde+N75QTWn2ojt2leTO2/a/4Pcem5+DxLyFd2RXR9tpDS3DWMzdc+54I4QWJGu+X/e611WG3D6iPo/viMs13rxMuMiab7lxNOkPEi9K8uNtOX9HfB43xGYla7x3nPeiyIRbY67tN0SPeu4ZnkFE9V3xY59Y/wK63AkXA271oT+4Jv13xMu6Ty+NuJhwK2lD2grvhkvetflYhCYy4ltB8omhmG05eVnk/1I2708T7YlZ7orP+tfTt6RW/K7rENnvfLfMz4QjNJ2Cx9ZFmHCE0AIlBltuumi/2B7eFbea5G64XNvJNd48jbjcLAp/jXyrSK6zxWR3IWNb9N39FJJ7e0dcjPivvfikyITLdq3NYXpa8ffOutYzieiW4p/seEv1d8P3XrEnMuJXX/Xexoi/7jWvaoy4mHZrxMWA23//8b/+Ha9tybfkXZ+P8bVtjfiiZU/OT3rSk4pHPepR6okcIYQQQgiNI7nzbQ25/DvJnXC5ppv3d8PR4mW/I/4fbt1d7HjVaZ4JF83q19Plu8p/5+U3e2YR3VI89eW/45lwa8Tf5xjx1B1xMeCi/+t5r/LalDw/+YTl+G64FUZ8TrInaPn+0CwfUUcIIYQQQouRXNPN87vhaHmU+tX02dwNb/XYXznVM4yo1jGv/8Pimv37GyP+wev2F1c7j6bLd8TPOeuM2og/51nVd8TFiD/uCY8v/un6m+L2njW7v5I1K2HE5yjXjM/6z5khhBBCCKHxJNdymPDVktz5toZc/p3VnfBQ/+JfvTwyjuiW4mde88fFK9/zh8X+a64prn7f+4qr3run+rG2jTdeULzmvFcUZ7/kxcWpO9aL5/zqc4qnPP0Xi//7OS8t/u45H47aeeSS/LmyUBjxOcs149wZRwghhNBWEV+tqyV5eMITnoAJR3PVMc8+pVjjMXVV/+BVnyhOfuuNxWt2bxZvetu7in/3hjcVZ5/32uLU33pV8fTTXl387At3FX//zM143zKfx/7yuprvZRBGfATZk7boiU98onqSRwghhBBCyyX5YTa5dnOv5bRrPYRmoeOe+dzifz/zfbGhRIP1j864ssqnludlEUZ8JLkncPlEVU7qj3nMY9STPkIIIYQQWpzkGi28Cy7SrvEQmrWe8EvPL/6P3/R/8RvlSfL2+DJ/Wl6XTRjxEeWeyEVycn/yk59cmXL5kxvHHHMMf+4MIYQQQmhEybXXYx/72OpaTK7J5NosNOAi7doOobnqaU+vTPn/+7yzi392yq7i7531ftV8rqokH//sN/5jlR/Jk+RLzeOSCiO+AIUndis56SOEEEIIofGlXZuJtGs5hBCaVhjxBUs74SOEEEIIocVJu2ZDCKFZCiO+hNLeEBBCCCGE0OylXYshhNC8hRFHCCGEEEIIIYRG1No555xTIIQQQgghhBBCaBytFQAAAAAAAAAwGhhxAAAAAAAAgBHBiAMAAAAAAACMCEYcAAAAAAAAYEQw4gAAAAAAAAAjghHP5Mi+9WJtbaM4YF4DbD8OFBtra8X6viPm9WI5sHOtWNuxWcwzmjH62O4s8tzI/M0H3u8Wx7KuaY41gOngGAINjHgmM70wuWezWF8iwzNTzNg2DprXM6I6gZXtxlqei8V6jbSx9c1vPab1YvMeU7BwMOI6R4rNHUG9Oa3zXhZ47kjlaisa8bmsrZ65CfsMzxeNdsaZrPb16k163qiPcb+tUkEuMOItc8lFx/ljtmtz4Dl9tLh06nW+HdfdnN5bzXxFx3OpZXkft2NvY+uZ34MbSxb/7BjjGNrKrOr7DkY8k5kukAVeTM+djjfyadDfoI1BWviBqxi1HtqLcIx4itEu/Hr7wIgLqVwt8s1z0jUyl7XVMzdhn3XeguPftKHHNovj01wUe2Y/Po+u6gWRxlxy0XH+mO3aHLhmRotLp+pjW667Ob23ps45y2JmTRzZ75P2/LcMsc+BMY6hrcyqvu9gxDPhwiSTjjfyaUi9QasXsyMz+ORqc7RT3qQw4ilGu/CbpI85rfNlJpWrRZ4bJ52/uayt1EWxIewzde5Kn9PmZcRLgth5v2uZSy46zh+zXZtby4hvX0Y24qnjfEw61pKO+UCwvC6aS66WAI6hblb1fWetvitn1By05iAOFB5QbdKC+kMOfnOwtv0Ek+AczNUiTtWrsJ/sd9Qzn9A1ShwUfl9WcZ9hvbyTR3xSbnIZ5MPW8fsJL9K0cSdiCfO9Y716HdcN10CGYYzmspa7bibLl90vzn+dNz+2uszvR53ncC2IEheobZ0gBmd95uHMfdV/Rl4r5nBMJuYrd06iPCdyt3EwWJ92LoL8h/1Wcy51e+pV9M1ThX6c5LwxNrHIi0TeutaAt3+DvfDwI9XWbzvmjnPHJHOePP59wuO23rcez6D+wzrZ61/Imb+w/Vpd56BKTRv9+ycxuU3lMlwDdd7i8afKbWx9c9WNGV80N355O6c+dXmbl6gd7ZyqHYs5514bU6O8tTJsPcZryp3raLyV/PGE66l3fnrOH806CeqF7aqxZRwLyfhmFFdF1JayBhSidWfamfQ9pD9HLdE8ludGLe6oTXVduWTMw4T5svvFc+AfzzV6HPG5TasXx9O37pv1Yl730dav+1fXVYq+/DXrKIxby7P2PhPUC89f6jhz3q9qsnPpjrNz3eXOdUmUu1Je2/356D0mmvyHbbXtqMeq20/We0ZIXh7a805Q323f9B/n0IxpwFoPce6IlwE0Dbn/NyhBtIlzkmUSnnUQKW3WCzJuz6+nDdwkMIj7wM72zbuO130z19rRk9pOlEWplz32Ola3XpNLtz1n4bl12xOWRWJxYyvRYjHteWVaPaUszl0Cs2/WYs3Ol7IuKsycBwejxOr3r/StHlTBus9Zn1WdjWLTzl+jMFbBxGHjrfbNu7iMYhOU+Jp15PbfsRai8Yf1EsTzocyF6dcfo6kninLt56LuI2hTi1spy4qvpKoX5lUhqpdc5zp6P8F6KFGPM+mrqRPP0dA598q0eglSucruXylTx6uSO39lvTDG1PpQxpK7v0pPLsM+U2Ov6nlr1xLP/XD0PIbldWx+DHFcSltlrsL4ov3UfAZ5n2KtZK/HRPxhbFouaqZ4TzP1tDVV5ytoNxGXv78Sjxlj9pqZQVxaWXpN+0S5NvH4827mTY3FXx95OTJlQXxazHGZsoZUOuZhinyl1ludx/BYKWPwxl0S9a2Px72OVnMYxVHXWd+32c6VkZYDf947cqWRk79mHbn10seLX+aPP85tRztRHsN6Obm04wn37SJnrktMmZ9rd9/+fGQdE+pxHI89Ov4tWuxenCny8lD3G4wjsaajY93U82MbxoBH0+vkuhOmJy0RbETcXk1d3gwqMciw7+QENnT315RXk+Qulprc/qrynMURxKK3l4g5EaNPOA+peQn7SNWry+P8BaQWZSrmrLGUUdoTkaKcAyDMb3xCDOleL7bPut2wnslhMJ9Rn5ljT5O7jiZdCwk659LpO7EW9NzHfafmyC8fMk9hXtJ9hET1Bp589X5y58VlQXNeksrVdP3X5X39Tzd/+WtLJzNHZk2k6oV91mMKjqPqGEqtq/y5SlO3Ec1DsJ6jfOce8xrBvv25n8daidtMramwPLeepSrvW1sd5w89P3lzH8c0cM1MHVeqv7q873wZxZ+IZ6Y5Sqzt3HpZx0Aytu61HpcHmPy410ON+tZgRRBXaowO8RqrqcqbPut2o3pV+0Eeoj7z5rEmVbcub9ZNYh2FY0mNraW7P1ueakd/D+jLZbzfZISx96+x3nzkHhOp80pQnpu36YjnUO839Z7hj7eKrStHGXQYcRNEGbCn3jcys19f0pIHfL1/k6TOA8ju37+g+vqz+6Ym3B9rR3/hAlTJXQiJgz4xlnpBBLJjSR0IYR/Jeqb9rhwLif2TB1JHfy7JxW72j+KqciT7uGpzVudb2c+SuT774rL1/PVqSPaRwqw7b0ylnDHo68jsN3QtJOieS2c8iX70/eO+U/14Y8yap/TxmhxLQFQvmUMdvZ84rqpe5xzknjtmO+dC1nw05PZv2k0dhxVD58/UL/tLHSepsdT0769ixpjKZdhnnbegD+1c0pA/V2nqNvyxmLIotjaWZL6qMQfHn8lDODY79824U/mcaq3EsdcE69G+1toKzimd7SX375rHkr4xRrnW5q2k6qss9+TOx8A1M21cWefjNFGuE/F0xRL10ZOj1Nqe6hiISMQ2ON8BZn8tr9X+UVw95zbTXnr9Zq773ri66g1Ys7nrLZHneo7t/h1js/T0V++bbsef08xclmSthQjTfjWfjmx/iZy09OcjGVfVtpOnZF/+XOvnWlveHUuanjyU6P2a/bzxhWtzwFrtQDfi9sSlBDBZ8Aq2j5R6FsvsDiB/MaUWlj/WxMQ20vtpiSdPz2ViksOxmBz5+wfzkHkgtG0l1DeviX7SJ5K8hVztH+WnRl0LQQx+nZq6TVfO9sz1qc+b4B4vdUxR7jvWZISNx8uh20eNHs+EayFBnDdfTbuD1kLcd2rNeGPMmiczfuX8kOojJKqXzKGO3o8WV7t+W7nzGedpjDkXsuajQe/fH5cjpd2WAfOXeZwk5z1zfxUzxlQuwz7rvCnnnGQ/+XOVxowlVNBnOKdV7Np+RnZd2XpejGZc7tqL23PyMNVayVyP9rWW6+BY6WwvjK1Rz3k9eTya3ERjDNdg27/bRrSmzH7Za2bauLLOx2miXCfi6YqlHWtejvS24ljiNetLy1lLYh468q2vuwCzvz6/ibnxxhrUEZQ51HKqy+Y1Md4SN//V/6M1kd43Ine9JfLsr4WOc4Kl6s89vlradZRux19rubkM98sgZ6471l5Nfz6yj4lkX/5cd635uC99Hjwy17zerxl/kPc6jrquv34mRzHieufTBh/RsaA95n4A+fumFrw/1oz+OolPNHou43oVwVjchdESzEPmgdB/cPaQ2D+V19z+9DHWeGvBHHjd60XDrG/bR+b6TLfrHi9mLqr2U9LHVhPMZYPbR42+jiZcCwmScxkyaC3Efaf68caYNU/p4zV3LFG9gceJ3k86rgbTT7tvnKcx5lzImo+G3P5zyJ2/oM+G+DjpnI+M/XW6chm3rZ076rJUnvLnKk3eWMI5Tc29h5njKL7EObnFxGT7m2qtxLHXhPlPr6nwnNLZXu+aSNAxRj3Xwbxlv88NXDMziavvfJwmynUinq5YmrFm5ii1tsNYso6BJIl5GJzvALO/Pr/u3Ex+bqviaGLMXffpdt381/+v209Jy01D7npL5NlfCxljS/bn7ptux5/T3FyG+/Vh2u2b6461V9MfX3Zcyb784yI85tKYsXTWzcxDid5vYv9mLPnz10faiEeNTxl8hD8BSbIOoFQsLqn+/PJUO2F5f39dxLHo7SViDk4G+sEQzkPe+Jv9Jl1cqQMudQLLPJHWbwZ6vr3cJdqr6/T04+2byleAGW9UL3niccgce3pO6hiHH5O5ayFBbtyJHOjrNe67c103Y86LOfWGkSoPierlzK9D57z0HGv+vvF4R5nzklSu8vrPG2uKvPlL9VGP0S3X28vfXyccs0tq3uLjqIpNPb7y5ypN3liiOc055jvP/UPOhdOtlbz1mKoXl+fWG0TH+UNfm8G8JeajjsktH7hmpo1raH8BUU6neQ/JzFH2/OYcA0lSeUmt9cxjwORHz7fbZ6q9cP40/NhT+Qqpz2NxPX3uXFK50sism1hHuWuhJdWfX54aY1g+KJedOXPJnev+NdYbX+4xkTqvBPvn5qOit+/8Na/3a/aP8m7KpY2Jzwc+jhEvgzMdxkE5HU8cfEy9v35wNGWZB1CT3KDfmfzaYTXhZZk3Vr0/N49p6n3dg1nPZVyvIlyAyoKsT4J+fPH423peH2a8Wr9RWYSSvwol151vIj51nGF+SqJYlZyZOu7Ypb1wTYUnuzpfPeuzpI7NzavJQd86UOYtRbw+pjsm47XQttc/H7au1o9Tljh2wzzXxPOmzXkcty3LO4+47dv9euepJI45tc4TmDXYxqjNn5SF68HUa+rEearHMcmc2xznzLm+v5Dbf3ysGsry3v4z5y+ORcuzrZczFn3/JOo5zbbRv5ZrzNqKchrPfY2pn7GOm7o9Y0nnIYxJym2ZqeO2bfIh+bNrX9Zc7zlhirUSxy6Y2LwcKbmIjtMSrawilfeyvHcu0vMQn2uEsH792suFidNfU9q4u5g2Lpv/OF9SHufQJ5q7qd5DcnOkjLlZt0OPgRQd86Csr2p8UT8K6vlGiGNNH9Ol7NgllnDuq/iUfGn5d8tsDjPWho8ybx1krbfEOqr37R/bYB+hzIuN0287L5f6ek9T99Uz14JZe36u3b778hGvsxopd8rU/Ju2lXjCeZLxa2V9OcnNQ1xPUObVYuIcMiddlG2ZoEq5k1GfCKwk6XHSBgevYQ9WT30TaPt2DwbBSbJVGIdNYGp7hRmrVTlmfaxhnmr1n0Dq9uODNGw/rlcRnRjt/m0MzWMTwfjieok+whxUCvOdIJhTd+7CfPXnqkbLs1W4NqI11cyfE3+4DkTaWuhbn4Ywr97JJYUyj13M+pj0Y27by52TaMwid9yJY7caR5TruO+6Xv13rts+4txX5MxTUEf60mOJUesF7UXrMCDOt5mXaP7aNit5aynO0+Rz3nX863hr0LQ9pH8bvxtD9jGQOX9ejInjRNDGEpV37J9GGWOUB5u3xNibsdZ59WMSufuZ/pQ+YvLGos9pvH4qKeuz2SYxmXNtc3zknnvDtir1r5Vh69GUO31ox7E/br/teG4yj6fE+aNqL4pTmbdgf9mmryk/j72xTRuXEMZWKV5PIdHcmXbCOemKxRvfhDmStg+o6yhcC0bh+FU65iHKV3+uKtQ8G0X5MXlr6kgOwvkL8tDUM5sd8tZ92F7/8Wv3yTqGLH3rLbGO9LUQnxOiXIbnMCXXYUwyHn3d9ucytV8X/XNtUHLn574/H73HRGKdanPst2XmMPs9IyYnD3Wf4TGXes8oSaynSen41XRYDepFOasFBQBbCY5/AICQ6uJ8oPkBAIUZG9dFoxv3ycGIrxLyqVLwadgkn7QBwBaE4x8AIEDufAV3RbeZcQBYKNvqeJrgiY0eMOKrxBSPdwDAFofjHwAgQHn0thQmHGBGbCMjXt8Nz/mKRT4YcQAAAAAAAIARwYgDAAAAAAAAjAhGHAAAAAAAAGBEMOIAAAAAAAAAI4IRBwAAAAAAABgRjDhEzPpv5K0Kdd7Mr67ya9SrhfeL5Bw7/cz+T4B4bIVfaV2CNcO5HrYSY/+5Rf68IwDMm5Uz4it74WEu+twL09SbzFLnSBnHUlDFNds/aTAt87qI8D5wCBQZK2OI2jq566o2arKPPtftdrfPdGzTzU2Vy1R7/M3ZCVgGI27+bNEiLrRHXjNb8lwPEDC2MZ6mvwM7ywvs8gpb07Icb0f2+XGtl6+7sGPKei8t66yXdWd6jjNtujGvlTEBbGXKZbxaYMTN65IteXG2pEZ87AuEHOYVU/b6MGbDNVtVTFlrqzXa6hjMOhDFRjw23XW/035QoptHzMwkrLYRH3vNbMlzPUDA2O+z0/RnTWt4bG3u0MvHpoqjVO7YXNO+MCNusLFw3oLtQLmUVwsuPFq4OJsdVS53LlfG5nXRkrs+9P5zDZipt3NDMVS1gbLbcoz4bD7A6TDiI14cbg+WwYgvjrHXDOd62A7M6z0txTT9pYy4NZHTfSg8HVVsA0x4Y6oXfUfcgBGH7US5lIX2oqg68ZT/r2XeoM1FTVMeGg7n7lQr/c3db7/sc4d+IVBfIDh1I5Nj7ma4dXrueEVtVpK+6/FrRqrep223OTEHY1YvKMO85YyzVPfFqRm3F2tGWXBhGs5DJfOG016cmbxYKfnRUPOc/WbWM6/hBba69mr5eQzGMujuaByT++ai5bLrzadZQ+Z1jTKHzVjD/vVjy6Vrfmu6x9RFuz66UMZTkSoPCc5Jbv1qzsv5O1jnx53n8HhtmJMRH3b85p9nhHAOo3ZtHoKx5s1PiXrshPu1Y3bH6uYxykHv3ApxLisyzpkVYezh8RSeJyraNW/Lo2PR2c/PvxZHeAytl+9n5b8957q+NdM772qM6fNZ2F4lE2O7VszatErMYW9sGhnxdrVbx6iNTzuXBOOI9utez31zU5G7RgOqMUreg7Ubtt/Uc/uJzn/t/vp6C9emKIgzYxy9+dDOIVnHf4ruuNXclIrmSMiap8z+zOsKO2Y17y1DjLh7t7mRYpS1etHj5GW74ePbXgxmu13zOWyU9at+yn2kvdS5pkGJQeT2afNj1fdYvEvKiNs4w7aremFMZR0PM7ZQYR8VYd1yrtSc9s0FQEm5LIT2zatdSO4JyjmBmZObt+DKE5P6ZuKd+Gx7/skwrqeVmfiaE7xpKzgRyptG38mlfmPx+xP0ctOP88ZSx+aX2RNzmJOwLBxX3WdwoSD57Xkjq9pxx9684cQ5a/pX5i1qx9C++Trtmf3VN7yAeB70+YrJmFdt/QXUeXbyqsSu5l4lXHslqbntHV+NXjdea+28unHm5rIrprwxpWjXh6Oon7oPbb3k5crZv4qtzUG1v8SePa/5OetGH1PdZ3xO0dDrhnOvxKsdf0FeLNnxlPuHY6lyq5xHZI7DukKyvru2VJRcpo6rYCzxHKfz1bZl6gRtRWuxOeaUfb31Y8bplWn1dDrXgRKPlyc1xm6icRrqOKQtJxatz9zYNDrjzWg31U+4/pV68VpJr+e4bom02XOe1NaoRl2vVFZ7pZLz1bP21bUp7Tr7ZYyjNx9KG1XfStx59Met5kaLI2ueMvtT+upd8yUpIy5mMTSBYiz9PJZmN3h0XDPwldFz2yrbkDr+uIM4TJ1N056rMFahisP2Yfd1Y0ghsZV1w3EJ0WPxpm6uGe8y4lLu9mm/CuDV12Ir/x/2r82h7TvcN6cstSZgtSmXhFCfkPQ3psTFQt+FVnXCCk/8wUm9JOojUa8uN/XMG6636DPRx1Sivdmbk65/IMUnbsEv1/Npy+v2MvOoEeSoGtOOdT8nYR6VnKXGMtW8J0jm3SVnXnvq1P2421Nx1+V9b6ipuMPyVC419LpKnKmx5uSpZNj8psv7MRc07r4mRi2/VVy9/bjHkJObql2zrpU+7Pxr6pvrfoacJxNoeQnPM+GxawnLE/Umn8eSqM3UuaykM84h8yt0H6dteSqeoNw7RkwbSkzRMeLt1xLmNJXj3POAun9nPp3yRIxdDDsXxHORGm9V3jfejnhz29Xi98u610+7XlLrJ7W/S/fa65uP1ByE5al6ff3b8lROW3LG0Z+PdJyT0R93qs9wPDnjm6C/6jjU2tUJ78q6yjl2Q7PpGeIEzZ3rAClvx123G9azhtXNRzUG1zCXbUid6BylUdZRjXiqjQFtdxnxcFypujn51GJSc6yMNWcuAIRySQj6iUs/USVO0ObN1r3wdS8uUyftsI/kyb1q316M1PGqFy09dJ18w761WLLGkbqgKvdyLwqqtspx5J7YG7wLm7bNqj0zL1U8bpzKxVDWWBrMvCv1Vcyblq+++cqY146LumYNumuzo76bL52Oi5FgjlO51NDrKn0lY09daPhk92NJrtsMzHw3sZrYtRiruBLHYEswxqr9jWLTXddKH/Xa1cZg1lbu+lXR8951TtEI56XvdUO4HhLzNSge02Z4rLZrLr3WuuPsW0dBu+HYHLx+kms0WNdOe9X+iXxEY0jE4a+r9DGUzEmANkfd+XRi6shVilTb+lox42vq950zetZaMt4B7UbzPnD9NH30rOfEtoqetZfcz5A7B8l1kLX2O3JqyRxHXz7quHv6yiYj7hI9N/WcNvtmjW9gf2Z99c2xS/LuZxmXmLbcR6PtOGx7mrmrMPvH465Np92vLy5bzxpYr72OPiJMe+ExGZl7S6K+xtyMuIlB6rtqYkqNP4w9Va/EnQsAoVwqgv7m1Pkm7ZzA1BN2dTJs3xhTby7qm1C5X0rNQjcnRm97xhuCPiaDG3PixJs1DtNOUk2cJpfe9kRsHu4cyNyZN52q33r/Kk43H8qFSu6c1Jg+lfo+7Zjcvuo2tTfHgL55VcZRY/sN4tbac9U5HjfPAUEcqVxq6HWVvpJjTV9MumT3Y0n2l0MYUzrGvFzp7cmcNfGZeN0+OtdZcE4ajj6mznOKRs95Jp2foP+qnXisufFU/YTjiXLUM4/ltpS68xy027H2vPEkxix4eTPtNfFo670kynUiDn9dpY+h9Nz5aHOU3jc/VylSbetrxYyvqW9e21xG6jmvJ+Md0m6dgybn1Tpw4g7nO1QzlvR61uNx+jDHRlKJNWbJnYPkOsha++m12ZA9jp58lFT9ett71kKSjLhL9Nxoa8PGo6iqN6C/Zt9hY0sa3pLQ5Nq70e4xohlhW89V0365b7jNkzGdKWMqiJG19aSv6Jg1fWTloawzyIiXpO4ih8zDiKsfdJjxNmNIjT8cq6mXlNMvQLkkBP3NqfNN2p7AzBtg9MZmToZ2YabeXLLfhHqo20m9wbboY7K0Y0vVyxpHxxtmJ/ZiImP8VX9ST/pq6tfzaH/cyzsBKhdDuXNSY3LTF1sw75a6zeE5qffrvwit3zCV9hP18+h4sw7meMi61esqfSVj77qYbMnuxzLpuhVMrG1MqX46+veIx9isefM67tPUSY0hsTbzGXKe7KLNgbZvci2F6yExX1nxKLmriHKUXmtD1nxM0G5yrQf9JNdosK5Me9V+ZkxZY0jE4a+r9BrOzclU896RqxSptvW1YsbX1M89ZhMk4x3Wbhursl92TvLOnRWmzSYPybWXR+4cJNdB1trPyOmk4wjzEVHntvfco5K3FvTcmH7tvlnjG9Bf2Xb7g6n5Y8s24uWalf/H5xynjkZZXt29tabWtNM3r13thkZc6nWpMxcmvnBcS3lH3PQdfQgQzk0qx2HsqXoACuVSEfQ3p843aXsCS70BmosfW663pZRP/GaXd2JNxWGpt9cn3/yLz7DvAW/2AX3xNVR52ig2ynjcfur45PviQQ6VeUq94esxmDEm34QNifmr25zBvGrrzaw1Pd956yJFaj7C8lQuNTrz68bZeWz153LY/KbLs1Bi0vvPPTYy6pn8uHXqMSRyk5m3NEPOk93U+5T50caYijMsT6yPrHg615Zb3jEPU+UzbDd1nIblqXiC8mB8Nt/hftEa7cxpO9bUsZV7HlDnaMp572LYucDk3KmftaZSdMQ7qF3bzj6tvdzzfMd6VvDjG7ZviD4HcdzpNZS39vtzOvk4etue4pyQsxb03NTj6T9H+Azvz/TTs48lx4hX28p1LP8Pc9ZrxEtCk5l1R7lsTzWdprzzvJKIVSXVXqqNAW3Py4inYm3KU/WU8qy5ACgpl4qgn7j0E1X4xqG8AZo3TO2CTq/n9mHaU/s1ZbJfeDLueLP3iC40Q+zJVn8z0d4I6jz59euyuB8pr8tkPGEfSi6TJOI044verJT8aHELnfMevQmGKGvJxtT3Bp0zr9E4lHUVYvqP3pjL8v6LEaV9ZQ2lL54Uov3tmg/6Udd0xngNqfnNHZOO7BusDRNnFJMpd3Nc5SlaWxp1jJ3zo7SfHLMWYyruJHpM+vHSh5kDdX6UY00Za9OGE38di7TbF49yrrH5KBUeX/o82HWrnSv6+lfaTR1XQfvxHKfz5bZlcxO137OfEPWpzYeJP+c8oK+ZzHlPxNhFnLOa7DjMfMVjK8v7xtsZ75B27XrT6peY/EdrtSxvy5R1VyFth/kx/SnHl7Y++uYj99qh670krp8/V+6vgfePoz8fEme4f3qMOeu1P249N2a/wfM0SX/6PhpJI172L+WuSYtMm6kjsrGIcfTnIzCTJdZ0xuP2y2xsbnsSQ+qR8QYTVxhHiqpNJz5LFbfbV9meGNlc4zpzI14SvrYxhfnU5rXaN6iXPxflelLOzbA6lMtEqE8u4ZtTfTJLvEm7F3BmfznxVZKTlHphH9c7oPZh+3bqipo+TQzB9nDBp/DbzhlfS33QhIrjrzAXIKm63WPsw8QZvSGYHIftJC6GvPGYtjrnPeMNKBp3GUvdZt/JJmNeg3GoObTychCsvUq5J784LjWPObkx+HFLHMq6U9ePdhGZRpvfmv4x6ehzlIwpGkPiWInQz0kepm23Ttd6iNqysWUcc/Fx364d/XjpQ5nvgLBPNRdBfqVOfjw55+3+eVBz3pvTRLu568WaXqvw2DPtqMep1DfxRcdtYr96jMH5Ioy1bDNqL0HXHPXOeyLGPrx2TYx6HGZtKuMIYxN1rY2KjHiz202Z7Ya+83x6PWev43DeK/Ufb9oYtf2qel1rqG/tVyjn6bBezzh68xHGIYpiSa8lne649dyYOQ/nKmueJuivabf7+sEaNk3RsVC2Y01fpXJfa+Ta9xlnu1MvImzLKFxnUXtaWyFl3FK3a9weQSzuuMP8ZJlwbWxO3NMYcaH64MBKPigw4w3nK4x9s9wucfXOq5EbS31e6F5LsL0pl8RiqU722SfpEei5aOh9kwSYFT1rEbYwzO22pHp/0MwbrDwree1gznO9H9YAbGWM4cZMwySMaMTlk0f9jsIyXYz2vVlixGE0MGvbFs4jWx25CxfcXavuEHJnA3RW8pivjon+pwW2E5/+tH/3E20fCXKHPbzr7t5d1/bTJOsEQCiXw1gojwCVWiqTkfHpLRfQMBoY8e0Jd4m2AX2PQAP4rOK1g4yZ8xxsJ7K/IgCQyYhGHAAAAAAAAAAw4gAAAAAAAAAjghEHAAAAAAAAGBGMOAAAAAAAAMCIYMQBAAAAAAAARgQjDgAAAAAAADAiGHEAAAAAAACAEcGIAwAAAAAAAIwIRhwAAAAAAABgRDDiAAAAAAAAACOCEQcAAAAAAAAYEYw4AAAAAAAAwIhgxAEAAAAAAABGBCMOAAAAAAAAMCIYcQAAAAAAAIARwYgDAAAAAAAAjMjaZz/72QIhhBBCCCGEEEKz0e23317cf//9xnbHYMQRQgghhBBCCKEZS8x4Ch5NBwAAAAAAAJgh1oynwIgDAAAAAAAAzBCMOAAAAAAAAMCIYMQBAAAAAAAARgQjDgAAAAAAADAiGHEAAAAAAACAEcGIAwAAAAAAAIwIRhwAAAAAAABgRDDiAAAAAAAAACOCEQcAAAAAAAAYkZkY8SP71ou1tbWENooDph4AAAAAAADAqjNzI76+74gpLTm40RrynZPbcbf9jYOmcAJm1Q4AAAAAAADApMzXiJd0bcsFIw4AAAAAAADbhbkb8aI4UGyYbd5j6vdsFutNuS/XJB/Yqddp2ppFOx137mPzfqTY3JHYV6Te+XdzYLVebN5jNgMAAAAAAMDKMIIR901wY44rA+1/fzx1x7rzTvZM2gnMtSn1yndslq+CMpE13u4HAq4Zb4x6227neAAAAAAAAGBbM7oR73483blz7JjZ4cZ1eDvqNsdct3GnTLs7TlvexuGPW48PAAAAAAAAtj8LNuLB3WVXzR3obgNdM4N2lDvabX33MfK0EY/aDx9b1+TEBwAAAAAAANuf0Y24NcDuPq0Zde4UZxroWbUjNHGafZrX3l3rfCPuvtbyAgAAAAAAAKvHCEbcMcWNcU2Z2aEGelbtGJo72HIHvG0jr0/HuNs76M4dcYw4AAAAAAAACPM34qoZ1Y3ycAM9q3Ys7X7rO0xdr10hZcSVcvdx96gdAAAAAAAAWEXma8Td70gHP0oW3T0ucdvxjKv6o2k1s2rH4u2r1tONeMrke+1pj7jzY20AAAAAAAArxcyNeCz/8e0W19DWWt+3mbjDXRL98Jltd1btGNy72GrscX+t3B91c3Hu0AfS78wDAAAAAADAdmUmRnxb0XEXv0a/Iw4AAAAAAACQA0bcw7/brd+txogDAAAAAADA5GDEXdy74ckfV8OIAwAAAAAAwORgxAEAAAAAAABGZGojfvjw4WLv3r3Fnj17EEIIIYQQQgihlZN4YvHGuUxtxKXDo0ePmlcAAAAAAAAAq4V4YvHGuUxtxMX9AwAAAAAAAKwyQ7wxRhwAAAAAAABgSjDiAAAAAAAAACOCEQcAAAAAAAAYEYw4AAAAAAAAwIhgxAEAAAAAAABGBCMOAAAAAAAAMCJLasQPFBtra8XGQfNyDO7ZLNbX1ovNe8xrhyP71ou1Mp5IOzaLI1Lh4Eb5eqOMOvg/AAAAAAAAQABG3NJnxK3p1sCIAwAAAAAAQCYYccs0RtwFIw4AAAAAALAyXHTRRcW3v/1t86pFyt74xjeaVz5b1oh7j4uHJrky1fYRct9cH9hpy4Nt87oj3hELAAAAAAAAbF3EhIvXO/bYYz0zLv+XMtkmdUK2phH3zO6RYnNHaXJ3Wusb7BuaZMdQV6bc7tdnxCsj7cox20kj3hELAAAAAAAAbGnEcB9zzDGVR7Rm3DXhss016JYtacQ9Ay0kjXAXgYGfxx1x+b+3X91n151+AAAAAAAA2DqEZrzPhAtb0IjXZnZ9n2OLHfPbaZqDx8TX52zE9TvpQewAAAAAAACwpXHNuKjLhAsrdUc83G/Qo+kzuSMOAAAAAAAA2xFrxvtMuLAljbhvtnu+I+4Y7Mp4W2Ns747P04irsXSMCwAAAAAAALYsYsD7TLiw1EbcfZy7kmOGvce+Q5NsTbZRaITtPgdcgz0XI14SxMJj6QAAAAAAAKvNkhpxAAAAAAAAgO0JRhwAAAAAAABgRDDiAAAAAAAAACOCEQcAAAAAAAAYEYw4AAAAAAAAwIhgxAEAAAAAAABGBCMOAAAAAAAAMCIYcQAAAAAAAIARGdWI7927tzh69Kh5BQAAAAAAALBaiCcWb5zL1Eb88OHDVYfi/hFCCCGEEEIIoVWTeGLxxrlMbcQBAAAAAAAAIB+MOAAAAAAAAMCIYMQBAAAAAAAARgQjDgAAAAAAADAiGHEAAAAAAACAEcGIAwAAAAAAAIwIRhwAAAAAAABgRDDiAAAAAAAAACOCEQcAAAAAAAAYEYw4AAAAAAAAwIhgxAEAAAAAAABGBCMOAAAAAAAAMCIYcQAAAAAAAIARwYgDAAAAAAAAjMjqGPGDG8Xa2lql9X1HTOG0HCg2TJtraxvlK1O605atF5v3mMKJOVJs7ijb2rFZ/g8AAAAAAAC2OjMx4kf2rRvjOUuTO2OGGPF7Not1U1eXNdjzM+KS0zrOwIjLOHbangAAAAAAAGCrgRHXcI34BHeipzfixnxXbWwUG9LejvJfpwwrDgAAAAAAsDXBiGss3Igbojvzs3jUHQAAAAAAABbJQox4a1RbbRw0GwPctuP67qPhvqI45mLE/TvXWY+mO3E0SvYRjg8jDgAAAAAAsNUZ2Yg7xrL5nrNWJugm15a3RjwwpynDvQRGvClvxtk9RlsePZo+wV16AAAAAAAAWA5GNeIpg+rub++Ma2V5OCbWNayTGnFNTbsDjHjTf/qDA3ecMv46TtOH7VPqY8QBAAAAAAC2LCMa8dTd35LIJHfUVWiNbyhn30mNeKfpzTfi6Rhb6XEFRhwAAAAAAAC2NCMacff7zmkjXj+23VHXxd2vqZcw8Qs14m694I44AAAAAAAArBRb+o64+gh4at+luSOOEQcAAAAAAFhlRjTiaTPq7m+/J93WTX1HPGXWl9OI5+YIAAAAAAAAtjejGvHSog741fTU4+m1+RVzrhl4/XH1kgUbcb9u8OGC6U//wAEAAAAAAAC2EzM34qoCM+ve7bZKmdBU27Z+1NbOzaW8I97gfVDgyv2wAQAAAAAAALYrMzHiAAAAAAAAAJAHRhwAAAAAAABgRDDiAAAAAAAAACOCEQcAAAAAAAAYkamN+OHDh4u9e/cWe/bsQQihbMl5Q84fAAAAAACrxtRGXC6mjx49al4BAOQh5w05fwAAAAAArBpTG3G5swUAMAmcPwAAAABgFcGIA8DC4PwBAAAAAKsIRhwAFgbnDwAAAABYRTDiALAwOH8AAAAAwCoyNyN+3333Ffv37y/e8Y53oJEleZf8Ayw7GHEAAAAAWEXmZsTFDB46dKh4+OGH0ciSvEv+AZYdjDgAAAAArCJzM+JyZ1YziWgcSf4Blh2MOAAAAACsIhjxbSqMOGwFMOIAAAAAsIpgxLepMOKwFcCIAwAAAMAqskAjfktx0dpasaZp/criK1Lni1cWv77268WVXwz3HahPXlS2e1Fxi7ZtbvpKceX6WvHrV35F2VZqzjEtzIjfs1msr60Xm/eY1wc3zLyuF298TfnvzgNmw5Fic4eZ76YMVg2MOAAAAACsIgs34hd9UttmhBGfWEON+JF968Xajs3SHk+JZ8Rrs72+r271wE7HdFcGfaPAgq82GHEAAAAAWEVWw4gvRD1GfM5amBH3qI34xkHz0kWM+Mz7g60GRhwAAAAAVpGtZcSr1+Zx5sig18bXbrvoDb/ePuLu3n2W/69fVFxU1U2Y/Kq+bcs103UfF73BbH/DLXW5Gpc14lc6j+A7d8CbmBTDHtwtv+UNdv9Sts8e6UbceRxc5N2dNmWNOQ7qOnev5c72+s6NYt2rb2juiMd9NXfE3f7cx9hh5cCIAwAAAMAqsnAj3hqyVo0594x4YNwDs/qVKx3jbdtOGXG3nUiyr2PQvX6M2W/6sfW1uOwHA8G+1kg77fqxG+Nt6mnjyrnLrhnx6q53831s/251eEdcq+s9Yp56rJxH02EAGHEAAAAAWEW2zh1xMa6eAa6Nbb1/fFfZM7CumfaMdb+qdgIz3XX3ulVc1zXY3n7eBw6yX3hXPTGuDiWNeOIOdPej6QeKjXKuVEMdghGHAWDEAQAAAGAV2TJGvDbEcifWV21S47YmN+K1+W3aL01xlxFPG+MBRtxsq+rKmJv2esbVIc2IC7UZt+NrTXlkxIPHx9dThjoEIw4DwIgDAAAAwCqyhe+Iu+oxyEOMeLjdex33k25vmBGvXpfx3lLG3e4zxPj7Shlxl8oYG/PtG3HfQHca6hCMOAwAIw4AAAAAq8jWMeJh/Wpb+9o3qHXdyY24/2h4pxFX45L9BxpxG3MQmzYuv39dmhEPDXRlvs1rzYj7phkjDrMHIw4AAAAAq8jCjXj7+LMrY0Y9I25ft/V8Q2pNc73/lZPeEffaKfv+pBuDZsRLBXHVpnyoEQ+2h+W2fWW7Jv2OuDHYTayOEa4MtFPmPppemmfXRHcZeow4DAEjDgAAAACryAKN+HxV3UnONK3bUboRHwHPiAN0gxEHAAAAgFVk2xhxuWvc3n3Of4R7u2qxRpw73ZAHRhwAAAAAVpHtc0c8eDx8le+GixZhxKtH1M2j7AA5YMQBAAAAYBXZPkYceVrYHXGAAWDEAQAAAGAVmZsR379/f3Ho0CHVJKL5SvIu+QdYdjDiAAAAALCKzM2I33fffZUZlDuzaFxJ3iX/AMsORhwAAAAAVpG5GXEAgD44fwAAAADAKoIRB4CFwfkDAAAAAFYRjDgALAzOHwAAAACwimDEAWBhcP4AAAAAgFVkaiO+d+/e4ujRo+YVAEAect6Q8wcAAAAAwKoxtRE/fPhwdTEtd7YQQihXct6Q8wcAAAAAwKoxtREHAAAAAAAAgHww4gAAAAAAAAAjghEHAAAAAAAAGBGMOAAAAAAAAMCIYMQBAAAAAAAARmQkI35fcdu+PcW+z9xnXm8v7vvMvuaXoPd95s+LG8t/b7zTbLzzxrL8xsK+XBqWNa4hDB7DYtbhnTeVa+OmYZmu1tS+28qIAQAAAABguzFDI35nZUDdP0/UmqRtbMSP3lbs27OvuK35U+p1HjDiI7AljXiwPhJgxAEAAAAAti+zMeKVIVIMTllel21jI95nBpfV8C5rXEMYPIZlWIcYcQAAAACAVWcGRjzH3Ng6t3l3zX0zUtdp7qZHJiS44+496hvsW8pruzJsiW0hQd093t3ugOpuuFtXTGH/HfHqDqm3Tzfuo+9+PDavd7bjTz4CHeeo7TvRTm8ugjkRdZnHzvZsDAPWSKWe/EV9OmvVzk1Tx8YT9OONycxvGWc79x1rpKS9I67En5gva8Rvc9dKWDdYf+0xmJhPIbkPAAAAAACMxfRGPHo0W8MakNY01eayfR1+j9Z/bY1FaDTq1+G+YrB8s+XEF77uoWq711y6ZrDbiIftDW7fe23z2j+eqJ8J2vHbMPs4eR96F1dtzxmrukaSY1AwprM18/66qff3xyBU/STXovnwwYkjjDNE27/zw6CSuk2nXjiWzteJ+exrAwAAAAAARmFGRrzDDFUEBkio9jNGwf2/xS3TDJdTFhk0B9nm9WtiyTYffWYv2t5lxGWbNs5U+0revDJtu4bSrxdXZjvuPkrcQ414bwzeuugbQ0wVj2eygz60/fvWYhVHsH60fRwmNuJeLv3Y47HV/dTb9fns3gcAAAAAAMZi1Dvi3gW/u1+f+dEMk1dWmxv7uG1o7tryVmnzoe2TNntxbIHRcrdXYwrbFqXypxkqt0zbrqDl14s71U5HLpQ56TfiHe1pMfStESUGF98AC0Ef2v5aP16ZZqS7zfU8jHjVZpNDR1U/Si5LuvcBAAAAAICxmN6IJy76fSYwWW6ZZpiSJqzuq8uQpHH3NfSYvXh7nxEPxtmJFr9bljk+rV8v7nQ/yVwoeek24j3taTH0rRElBpfRjLi2j8PcjLg3NhcllyXd+wAAAAAAwFjMwIiXVIYmvvCX8rqsx2SVhCbBfx3u776W//tmytu3is03SWJydCMUm6SqrQ6zF5u5DiMuL6W9yGANaN97reRVpa4X5rO7nb5c1NvDOUkb8b72lBi8NdI3BoVw7qvXTh9hbg3e+inxXyfGkRx3uL+W65g+I17nxo9DxlNvT/TRuQ8AAAAAAIzFbIy4YC7yvUdes02WYI2VUWRsagPUbHeMUmVa3G3hvsaAteozb23dG2/SzVpDZOYCoxZtL4sqA+rIGYuGP744Z3lGys1f2cZn3LgS7fTlwtu+r9zedUe8pLO9nDXSNQYdL3c33eb3ocxNTddaDNZhtD0mNPZeHhJz32vEheiYs7nqWBfJfQAAAAAAYCxmZ8Rh5YkM57Yk+KAFAAAAAABgIBhxmBGrYlAx4gAAAAAAMB0YcZiY8BF79VHobQdGHAAAAAAApgMjDgAAAAAAADAiGHEAAAAAAACAEcGIAwAAAAAAAIwIRhwAAAAAAABgRDDiAAAAAAAAACOCEQcAAAAAAAAYEYw4AAAAAAAAwIhgxAEAAAAAAABGpNeI2woIIYQQQgghhBCajW6//XZju2Mw4gghhBBCCCGE0AwlJvz+++83tjuGR9MBAAAAAAAARgQjDgAAAAAAADAiGHEAAAAAAACAEcGIAwAAAAAAAIwIRhwAAAAAAABgRDDiAAAAAAAAACOCEQcAAAAAAAAYEYw4AAAAAAAAwIhgxAEAAAAAAABGBCMOAAAAAAAAMCIYcQAAAAAAAIARwYgDAAAAAAAAjAhGHAAAAAAAAGBEMOIAAAAAAAAAI4IRBwAAAAAAABiRtc9+9rMFQgghhBBCCCGEZqPbb7+9uP/++43tjsGII4QQQgghhBBCM5aY8RQ8mg4AAAAAAAAwQ6wZT4ERBwAAAAAAAJghGHEAAAAAAACAEcGIAwAAAAAAAIwIRhwAAAAAAABgRDDiAAAAAAAAACOCEQcAAAAAAAAYEYw4AAAAAAAAwIhgxAEAAAAAAABGBCMOAAAAAAAAMCIzNuIHio21tWIt0Pq+I2b7anBgZ5wDTzsPmJoAAAAAAACwaszMiB/Zt94YzY2DprA4UmzusAZ0vdi8xxRPgN7+/JmkX9eIjxnreDgfuOzYLGcZAAAAAAAAcpmNET+40RjP+G6ve5d8o3w1GRjxZQIjDgAAAAAAMCkzMOL9d71VY3rPZrFuzZxr3pXy9KPextg7HwSs7zvgxCMKYpplvwmGGXHtcf64/bZNGY+T8yjWYLtTJ+wr/MqA+6GDLyceN0+BVu0rCAAAAAAAAJMwAyOeccdbu2M+wBALnXem3fYd4+2b07pspv0myDbiTtxNPa2sxG3Tk4nV327GG5nmen5SY6rK3Zx4H7K4c8sdcQAAAAAAgEmZ3oh7Zi/DiFvjNktD7LTv3ZV12mrKZ9lvgqRpNqrbSZlZ3fyqHyo46NsTfWh5SaF+MIARBwAAAAAAmJTtbcQ1wzjLfhO4Rjy5TyqOEs1Uz8uIh3172wK1ucWIAwAAAAAATMr0Rtw1ZTlG3Bq/WRrirWjEtZwYtP3nb8T975U3eVRzixEHAAAAAACYlBkYcdfA9ZlEx5iOYcS1tmbZb4IsI56Ko0Qz1XM34ql4MOIAAAAAAAAzZQZGvKTj7u4gMyhMYohTRlwrn2W/CbKMeNLMjvsd8WasQ3KIEQcAAAAAAJiY2RjxEt2wdt0t1w1n0tQ75tEzisIgszjDfhPkGfESp8+mnlZWMncjrtZ1c+WPv+0v8XUEAAAAAAAAUJmZEa9xzJyjtIFV6u9YV+9MV7hmuZIxgVG5o7CNihn1myDbiFdoOYvbn78RL3HLK5Vt7WvH7s+jb9Lj7QAAAAAAAKAxYyO+IByjjBkEAAAAAACAZQYjDgAAAAAAADAiGHEAAAAAAACAEdkeRhwAAAAAAABgizC1ET98+HCxd+/eYs+ePQghhBBCCCGE0MpJPLF441ymNuLS4dGjR80rAAAAAAAAgNVCPLF441ymNuLi/gEAAAAAAABWmSHeGCMOAAAAAAAAMCUYcQAAAAAAAIARwYgDAAAAAAAAjAhGHAAAAAAAAGBEMOIAAAAAAAAAI4IRBwAAAAAAABiRJTXiB4qNtbViLdSOzeKIqVHcs1msr60Xm/eY10mOFJs71or1fc2eW5vscc+KGeavij2e17Hm5si+9bZfdy25zCu/BzfKfjfKlQ0AAAAAAKvOUhvxjYPmZUVtCNd2GiszghE/sNPpbwpm1U7FjIxiV0yVYW2M6qyNeBC7Mef+XM+Bygi3fevjN2sMIw4AAAAAAHNkCxnxEtfMzOvOpcNSGvEZsTRGfJbtdyDj7e1D1teO9fmsK4w4AAAAAMC25KKLLiq+/e1vm1ctUvbGN77RvPLZPka82iZ3M2u1pss1eub/Ozequ7B1Xd0ceY8xN4bVf2S+ic/c1Q37lP30dqbAHXdkbIO8mbjCeDtjcvNYmXGbv01n7EHOvH46TGwUb4lWlpxL8wGC3RY+Xp6MI7GePKROOS4tngblQwPPYJt5b2Jw8uTW8/YpUfr0xjmLdQMAAAAAADNHTLhcsx977LGeGZf/S5lskzohW8iIt+a2wjMvUt8xMoo5co14ZJwSRse/a+y2UxKaJ+e1f0c5bGdK3H4jA+fmrY7XN+Wt+euKSbsjns5ZMFehyXSpYpC2fPnz3DGX8v8gr60p7orDtHnQ6T8w8TLmqq0opz5dc1ttS62XcBxujoI+tfy34wQAAAAAgGVBDPcxxxxTeQxrxl0TLttcg25ZaiNujVoj1zx1GKbKyDRGxzUysanpMqTetsDICr4RtP1KrH5cXX0Mxh13lAPXjBrDHBhOS1dMfUbQ2zcwx7a+b64N6pzVMaeMpjeXlYFNtN0Zh1lPwZi8ubXb1BgdvO3STqpuMK5sI67kLxobAAAAAAAsC6EZ7zPhwha6Ix6gmJfaBJfmpzRHMzfixgRG8vbVTWW6D2MQjWS/1syLfONf4Y47Mo1h3vy8uGZuVkbcj7dVmIOKKN4arb+mHW8uS4J5sGPtjkNZT44ZlvE02xIxukj9ql2p6xpkL7b1cpuTB6c/7/+C16e/JlopawEAAAAAAJYC14yLuky4sD2MeGhsvNczMuJVf91mqKqv/NhXVx+DccftGTihK2/1Njv2rpiGGPEq164Z7SKKt8brr3MufWrzbbZ1xlGPITLiVf2U8e1Yf2bfA2X/bV7CPAWv3XGEY/LyosQKAAAAAABLjzXjfSZc2EZG3DcyrdFxDVFolroNqb8t3Nc3tq658o1sdx+D8UybFoPNW5hD3+DNzIiH/VTxJeZONeLaGPS5DPNa1W1ed8fRN6YGNcaQui/PTNtYbV7MXGjrQ43N6VNdP+64AQAAAABgKRED3mfChe1hxK0JqsxRWVb9KJe/rTZEsQHrNMnGTIVmr+7H2c/Ua+PVTdlMzFRgFGsTZ+PZrPoNzWi73RlnV0zNfmIcM3IW9KMaXCGMx8rLf9dcmr6bfdvyip44/Fy5fTpUbQTtKqjrxubUtO/Vqba1xt0dR/2L9H6f/jhdww8AAAAAAFudJTXikCTTKAIAAAAAAMByghHfalRGnDukAAAAAAAAWxWM+BaiebQ69Vg1AAAAAAAALD0YcQAAAAAAAIARwYgDAAAAAAAAjAhGHAAAAAAAAGBEMOIAAAAAAAAAI4IRBwAAAAAAABiRUY343r17i6NHj5pXAAAAAAAAAKuFeGLxxrlMbcQPHz5cdSjuHyGEEEIIIYQQWjWJJxZvnMvURhwAAAAAAAAA8sGIAwAAAAAAAIwIRhwAAAAAAABgRDDiAAAAAAAAACOCEQcAAAAAAAAYkV4jbisghBBCCCGEEEJoNrr99tuN7Y7BiCOEEEIIIYQQQjOUmPD777/f2O4YHk0HAAAAAAAAGBGMOAAAAAAAAMCIYMQBAAAAAAAARgQjDgAAAAAAADAiGHEAAAAAAACAEcGIAwAAAAAAAIwIRhwAAAAAAABgRDDiAAAAAAAAACOCEQcAAAAAAAAYEYw4AAAAAAAAwIhgxAEAAAAAAABGBCMOAAAAAAAAMCJrf/u3f1sghFZDAAAAAACweNYefvjh4rvf/S5CaBtLjvMf/OAHxQ9/+MPiJz/5CaYcAAAAAGCBrB08eLD49Kc/jRDaxpLj/Atf+EJx9913Fw899FDxox/9CDMOAAAAALAg1p72e3cXx++5FyG0jSXH+fN/9/PFxuatlSF/4IEHih//+MeYcQAAAACABbCmXbQjhLavzr7sM5UZlzvj8pg6AAAAAACMy9r+P7u3+MBnEULbWXKcv+GPWjMud8blMXX5zjgAAAAAAIzLmnbRjhDanrJmXB5Tl7vi3//+93k8HQAAAABgZDDiCK2Q5M64GHH5zrj8gNv3vvc9jDgAAAAAwMhgxBFaMdnH0+XX1OVPm2HEAQAAAADGBSOO0IoJIw4AAAAAsFgw4gitmDDiAAAAAACLBSOO0IoJIw4AAAAAsFgw4gitmDDiAAAAAACLBSOO0IoJIw4AAAAAsFjyjPi1lxc//WsXZOlZ7/lLvY2l1F8Wrz1H4r68uFjdPrkufpO0+/bitTfr27e7rr7hhuLcK+exFj5dnKmsO6tHn7a7OHX3rcUVh7R9l0ifOlRccNHu4rj1Ou5HnPLW4uS3Zcb98Q8Wz5LxvunT+vYeYcQBAAAAABbLMCO+vrM4/vRdnTr1sjv1NpZSGPG56LqrikeU62U+H8pYI35hcVy4/k67sOq3MrYvu6HYs6xm/OMfK05+YR3no192aXH2my8vTj7jwry4D32uOO/Mel+MOAAAAADA1mSYEZ/wwn95NT8jvtIy62W+RjwxZ4fuKF77stqonnz5XfH2heuu4o3nSXw7izP3u/F9pbj4TTt74979lrrONMcjRhwAAAAAYLFgxDHis9cijbho/xKv1w+9rzi2jO3YXQfibTffUD1y/siLEnGX+x5Xbn/umy/n0XQAAAAAgC3MXI14/Xh2aZgO3VXs3n1JccIp8rr9PuzV2iO4t91RvPFtbV15HP75F91UvPtTYd27iyuuva449aU7i0dKvVKPPHV3ceZlh/R2b7m1OPfVby0efWJd99Evu7y44IbPpY34zX79Qd/hLRU/mm5M/zk3FFfc9rnigove3sZy5qXFa2/4SlXv6v37m8eUf3p9V3Hy7gPKeMqxb5b1nLFLnp716v3FrpvvDuqWqvprv48seTp7/53Fnve8vXp95rVB/SnGXo/bl2fID91ZXPzOS4tnnWrGKI+Yv0LmIvfudb8Rv2bvpVXbJ7zzjmjb1TfcVJz5il3N2H76xAuL49X+TY7PbB93f+Spb0/nITNney55a7l9V3HeR/zyXh04UJz5wvrR9SuMYceIAwAAAABsTUYw4r9bnCmP3Iqhfv1VxdkXlSbbGMJjy/aucfe5rTRZ5ruzjzzjkuJFb76qeNF5u2oj9MLSeN1m636luPjNpty2++ZLi+daox9+z/bjNxTPrQzShcUJr77c/05uVe6bumvK8cqdx7b+VcWpL6sN2SNOu8qJI62kET99d/FcMVSnvL04Vcb36l21mT7x0uK8d+wu47mweG6QJ99Qto8w2zbc8fz0iZcUb7zV1i2l5NSO5bgX1u24Rnzase+5vIynNKTS7rHV95+vKs67zphcieU0E8upu+vYX99+IPHcrDvoHUb80N3F1R++qXiRjLfM564g1j3vKfMr+8oHHBdJ3tqxyaPiZ38ortvEGXyP+wqn3SE5u/gNJvZDXynefdnlxfPNBxLdH3aYOT9xd3GBrCeMOAAAAADAlmaYEe+Vb46au6OeiS51263FiyrTXJrG5k733cWuC+r6z73Ev5NpTZF9nFeMjzze+4iXXVe822330F2NST3uLYdMuX38fGdpOOu7zrVaQ+vFfdvNxaliDE+5pLjg47Zurav3XloZrugDBEVJIy5xv/om7y73u9+2q46jNFqvdfu89abi+VJ+1geLPbbso9cVJ0gbyo967XlHbYCf+1/aH8zbvaseY5jTq6+8tMqhbGuM+IzGrj+afneT7+e+43N+G5+61XxY4JthXdaId+iFpQm/JdjvQLnmZGzhWiwld9Ar0/xm+7j4geJMqXvmdUGOv1Lsev2FxaNPu6Sdp0E5s2vAfDh1ojXuHR8ilbJGv/nuOEYcAAAAAGBLM8yI9/5q+v5it7OfNeLaj09FRvVTHytOlj7E/AR1P3DoQHH2Cy8sjj+vNCli2F8v+5am7YNBPZE1XCfKXcfytTUtr785NpC2rmPEr778kirm51+mPSptjVRp9A6E23yljbhiNm1+33CrXy77nOXHd8Vlv1scf8qF8ePkotAA2/GdruT0s3cVF7xS2m6N+KzGrhrxA6VhlTGe8r5id2A0Rddcbcxwr7m0Rlz51fTT20f1H3Ha5b4Z/+D+4vhTL9S/tx4ZW9PHKWUb0VcifA3LmX1dKvzQxfkQyXsCwjzR8IjzPlZcbcsw4gAAAAAAW5oRHk3X73JGRtX8yav2rmRKnyvOO132de5ie7JG3bRtfrhLNWDNL1i3bdkPD054df3ocqiTz5Dt/Xdu00Z8d3FBeLdWM66V7D7aWO8urvnUXcWeD91a7LrsuuLs17ffAW/aMT8Mlpq3+vvKrRGf1djV8XzkuuL4jlgaoy7fode2N+p4NF1UGtp3yyP+Uie6o13rmtvuKq748IFi15U3FOfKVwDs7xE0sd1d7H6zfVqiNPwvvaR40e6bit0fdZ+oqDUsZ60RV427zUHzwclXiovfIHfOg68bYMQBAAAAALY0Ixhx14x2bEua0VA9RqyU2/YV5gfJUu3WdWMj3if1jrSjeOwdpnqQEf9K8e73XNp8f7yRfFf+pbWxbtox7Wo/WiayuQmNeJ/6xq6Op3cNmXmd1ohXusP8rW3/Q4Or97+veQS8kTwe/rK3xh9YiKGXPIf113cVp76nfbR+WM7uLC6o/rRa6sMMf77tI/On7g0+AMCIAwAAAABsaZbHiC/kjrit27ZVxzXBr1oHisc+GyN+xX+p7/Y+4qzLi9deeajY86m7iqv/1NQP2+m5I64b8enHro5nrDviRvVY2rFdU66v6gfVXri7OPeyA8W7by7zdsD8wnyPsb3m1s8VF192XfvDeqXs1y2G5mz3m01c12nby/l2vopgx9CrgcclRhwAAAAAYLEsjxG33xFXjVj9feZHy/d+b5vwO+KvvKn9jq2VfPe8uuPpGF1jTvW7yPWd1kefdqn/qLCieOyzMOL29e7iAqX/6O5/9Kizq/g74rMauzqemX9HXMljI5un9s5zPR+JNVPGWz3Kbvv+0P7ihNMuLE54x+fiuh/0P9wYmjP7p9XUvyNuf5zPHAPVL9Arj7uf/YbddQxnXFK/vlx/4iEljDgAAAAAwGJZHiNe/SK1lMV/xsr+arT9waphv5puvwe+s3jR3vbXxKtHvO13iV1Td+vHipMrI7+7eO1H/b/JbX+93fvhrITma8R3Fefe4NYr9dEPmj/R5rbj/FJ5+Kvp++2f3GqN+KzGbp9uON4zsrP+1fSEET90d7HnEjOvjumv5+OC4uQrg8e8m75L2fVtP8xRfqxNfm1e2m6M99CcHSjjlw9/yvrnmb8dX8lZu9qPG3ri0XQAAAAAgC3NMCPe+6vppV73seaO9jAjXsr5m9ePNn+DunkceH238+ehev6O+FmlAXMN+s2lWfLatX8TemdxXFXum7qrr67/7JT2d6H9ONKajxG/t3k0Xb7bXP29cSe2485Svuvs5vRM9++I27E7RrzULMb+gVtuKJ4r9U98a/U3uHP/jvgJbzkQ/7J9JGvEtV9N39X8YJ3Mrfvn6ppH051x2bX1iDJv8ifh3Kcx1Dy/wvwqe/An0Ibm7JoPvq84oRqzrd+u3Ue+8qaeR/NLYcQBAAAAALY0w4x4jhwzM9iIi267o3jjrt3F8fZHssRoX3RT8e7oz0jdXVyxub84+aXtn6x69Gm7izMvO+T9je5GnzpUXHBR+8viYkrP3X+niUMxxzffWpz76re3xi4Zh655GfHqTv5llxfPP1U+SJBtpSF9xeXFa6+9s/jAodKkisEL/wTcbZ/zxv7IMy6pzHEdo/L95inHXsX4zkua/Y9tnk4odejOYtfbLimeZeMvje7xZfwX3NBzF7iRNeK6HnnqruL5r7+u2HWzf3dadPX+cr2caQxyqWoNXHlHuV5Mnk/0/zRbVd9ZX4845a3FyW+7udij5WFozoL68sFEcu2GwogDAAAAAGxp8ow42pa6+A1iAnfHf04NbWthxAEAAAAAFgtGfFvrUHH2KfJ3sK+LfyDNfqc8vHuOtr0w4gAAAAAAiwUjvs21551vrR7Frh6rvqj+rnPzvfsT31qc+6H4EW60vYURBwAAAABYLBjxba/4u/T195dvKC5WvkeNtr8w4gAAAAAAiwUjjtCKCSMOAAAAALBYMOIIrZgw4gAAAAAAiwUjjtCKCSMOAAAAALBYMOIIrZD2/1ltwp/2e3cXBw8eLL73ve9hxAEAAAAARgYjjtAK6Q1/VBvx5//u54svfOELxfe//32MOAAAAADAyKzJHTLtgh0htH0kx7k14aKNzVuLu+++u/jhD39oTgUAAAAAADAWa/bCHCG0Gjr7ss9Ud8Mfeuih4ic/+Yk5FQAAAAAAwFisyXdFtYt1hND2kRzn8ji63AkXE/7AAw8UP/7xj3ksHQAAAABgAazJDzbJrycjhLav5DgXAy6Po8ud8B/96EeYcAAAAACABbH28MMPV3/CCCG0fSXH+Q9+8IPqO+HyODomHAAAAABgcazJBTlCaDUEAAAAAACLZ838CwAAAAAAAAAjgBEHAAAAAAAAGBGMOAAAAAAAAMCIYMQBAAAAAAAARgQjDgAAAAAAADAiGHEAAAAAAACAEcGIAwAAAAAAAIwIRhwAAAAAAABgRDDiAAAAAAAAACOCEQcAAAAAAAAYEYw4AAAAAAAAwIhgxAEAAAAAAABGZO2zn/1sgRBCCCGEEEIIodno9ttvL+6//35ju2Mw4gghhBBCCCGE0IwlZjwFj6YDAAAAAAAAzBBrxlNgxAEAAAAAAABmCEYcAAAAAAAAYEQw4gAAAAAAAAAjghEHAAAAAAAAGBGMOAAAAAAAAMCIYMQBAAAAAAAARgQjDgAAAAAAAMM4WBTr+8z/R2ZjR1EcMf+fCfeUY9lp/j8hR8pcbJQ5yQUjDgAAAAAAAMPAiHtgxAEAAAAAAGC+YMQ9FmLEj+xbL9bW1pIaEtCYaHGv7+ua0gPFRnZdAAAAAACA2XGgNIulDalkTfBmaUpt2YG6yCtbM6ZVyjZLw1kxifEsPZ3XpmvE3W22XbesVBWb9Fvuu+6WZeKO3Y6pas+WmX5Thtiad8mDxBC1Y+NW2vTKSnl5dMoXasRbc3qkHGRrWpfKjN+zWSbMxLYzf/oP7GzHI8KIAwAAAADAKIixtcbQIKbTM8Nmu5hN63LEwFZezNnelA1go3SGnnMq97d9u9uk7caoGpo4xbha8zsEJ3bBNdW2r2ZM5esNE5dst2XWaIf7VP/v2B7lyYnFrbvwO+KuOfXuOA8wvPPFuau9YzN7EQy/ew4AAAAAADAbNKMXml7XoFr35Zp1Wz740W7HqDaUsTTmunSNpT1q1Jhfp6ypG7aTQTh2G783DhtPSVVevpbcbEpZ+X+7v5sbzYgn23TGYo24W3dpjbhnWt070oG04DUTLAqNsFov+ADArZOdqIMbZp+N4kDzf4w4AAAAAACMROld3LvCgmuy3e2h2bS+R+qXNqbdZwCdd8Rd82rwPiSwdSc04uHYbX/uHWl3nNX/S0m8VY6cen1GXGvTM9mJuktkxN1H00sDa0orKiPul6UMcvs4eFxf66st0+98t+2tF5v7WlMd1mux7ZT1JckYcQAAAAAAWABiDEsbUsmaYDGDtsz6JbfMM+9iIp16gyg9WtNm2X7yO+Klat/kl01lxEu8MUn/UmjGU5U57VYfONjXUsfWL5F27Pg1I6626Za55cEYF2rENeUZVsc427vYmd/lbvtPmXtjoh3DLmXr+5R+vDYUg48RBwAAAACAJcY1mx6u4YSFMsc74iWOaY3vNvs/5ubJ1lUfYQ/urne146j+dML91XO/HfeH2OwnGU2Z+yEARhwAAAAAAJaYlBFv7gDDwpmvEQ9MsjW43h30xqDrj5J7dQP1mesY/464uwjjMbjtdslvBwAAAAAAAKCLBRhxt8w1zroRt6iGvKqXak/H+454pxFPwB1xAAAAAAAAmIIRjbg1vinD3W3EW+J62mPlSRJGOmXQIzDiAAAAAAAwMqX9aCS88Y3ta/m/MEmdHMJ9PvnJ9vUzn1mXaX3JNlsm+wj2tSgXbZ9lL+tjvkbc/Y648z1rzfR6d7ytEa/2D+5yO98bb/tyHyMPjHTVhlvmfDhg+8n8UbgKjDgAAAAAAABMwcyNuKb4LrX/yLpofd9mfEfcNfKe9LvWyTiUO+xa3d676QJGHAAAAAAAAKZgJkYcAAAAAAAAAPLAiAMAAAAAAACMCEYcAAAAAAAAYEQw4gAAAAAAAAAjMrURP3z4cLF3795iz549CCGEEEIIIYTQykk8sXjjXKY24tLhHXfcUXzpS18qvvrVrxZf//rXi7vvvrvRPffcgxBCCCGEEEIIbXm5Xle8r3hg8cLiicUb5zK1ERf3Lx1/7WtfqwK79957iyNHjlT65je/iRBCCCGEEEIIbRtZvyveVzyweGHxxOKNc5mJEZdPASQACebo0aPFfffdV9x///0IIYQQQgghhNC2k3he8b7igcULiyce3YjLLXn5NOBb3/pWFdQDDzxQfPvb30YIIYQQQgghhLadxPOK9xUPLF5YPPHoRlyej5dPAuRTAWvCv/Od7xQPPvggQgghhBBCCCG0bSRe15px8cDihcUTL8yIyycCoQl/6KGHEEIIIYQQQgihLa/QjIsHXqgRly+tWyOOCUcIIYQQQgghtB1l/a414uKFF2LE5cvpoRHXAkYIIYQQQgghhLa6QiMunhgjjhBCCCGEEEIIzUkYcYQQQgghhBBCaERhxBFCCCGEEEIIoRGFEUcIIYQQQgghhEYURhwhhBBCCCGEEBpRGHGEEEIIIYQQQmhEYcQRQgghhBBCCKERhRFHCCGEEEIIIYRGFEYcIYQQQgghhBAaURhxhBBCCCGEEEJoRGHEEUIIIYQQQgihEYURRwghhBBCCCGERhRGHCGEEEIIIYQQGlEYcYQQQgghhBBCaERhxBFCCCGEEEIIoRGFEUcIIYQQQgghhEYURhwhhBBCCCGEEBpRGHGEEEIIIYQQQmhEYcQRQgghhBBCCKERhRFHCCGEEEIIIYRGFEYcIYQQQgghhBAaURhxhBBCCCGEEEJoRGHEEUIIIYQQQgihEYURRwghhBBCCCGERhRGHCGEEEIIIYQQGlEYcYQQQgghhBBCaERhxBFCCCGEEEIIoRGFEUcIIYQQQgghhEYURhwhhBBCCCGEEBpRGHGEEEIIIYQQQmhEYcQRQgghhBBCCKERhRFHCCGEEEIIIYRGFEYcIYQQQgghhBAaURhxhBBCCCGEEEJoRGHEEUIIIYQQQgihEYURRwghhBBCCCGERhRGHCGEEEIIIYQQGlEYcYQQQgghhBBCaERhxBFCCCGEEEIIoRGFEUcIIYQQQgghhEYURhwhhBBCCCGEEBpRGHGEEEIIIYQQQmhEYcQRQgghhBBCCKERhRFHCCGEEEIIIYRGFEYcIYQQQgghhBAaURhxhBBCCCGEEEJoRGHEEUIIIYQQQgihEYURRwghhBBCCCGERhRGHCGEEEIIIYQQGlEYcYQQQgghhBBCaERhxBFCCCGEEEIIoRGFEUcIIYQQQgghhEYURhwhhBBCCCGEEBpRGHGEEEIIIYQQQmhEYcQRQgghhBBCCKERhRFHCCGEEEIIIYRGFEYcIYQQQgghhBAaURhxhBBCCCGEEEJoRGHEEUIIIYQQQgihEYURRwghhBBCCCGERhRGHCGEEEIIIYQQGlEYcYQQQgghhBBCaERhxBFCCCGEEEIIoRGFEUcIIYQQQgghhEYURhwhhBBCCCGEEBpRGHGEEEIIIYQQQmhEYcQRQgghhBBCCKERhRFHCCGEEEIIIYRGFEYcIYQQQgghhBAaURhxhBBCCCGEEEJoRGHEEUIIIYQQQgihEYURRwghhBBCCCGERhRGHCGEEEIIIYQQGlEYcYQQQgghhBBCaERhxBFCCCGEEEIIoRGFEUcIIYQQQgghhEYURhwhhBBCCCGEEBpRGHGEEEIIIYQQQmhEYcQRQgghhBBCCKERhRFHCCGEEEIIIYRGFEYcIYQQQgghhBAaURhxhBBCCCGEEEJoRLlG/EUvehFGHCGEEEIIIYQQmqesET/99NOL73//+4sx4nfffXdkxDHjCCGEEEIIIYS2m6zfPeOMM4of/OAHlRcWT7wQI37kyJHGiH/nO9/BjCOEEEIIIYQQ2lZyTfjf/M3fVB5YvPBCjfh9991XPPDAA5EZRwghhBBCCCGEtoOsCRfvKx74tNNOW4wR//rXv17ce++9xbe+9a3qEwFrxhFCCCGEEEIIoe0i14SL95Ufanv44YcrTzy6Ef/qV79afTld7oofPXq0+lRAgkIIIYQQQgghhLaD5IfZ5Dvh8n/xvPJaTLh4YfHEoxvxL33pS8XXvva1KgC5My6GXCRfWkcIIYQQQgghhLay5M63/Dq6/F+8rjyObk24eGHxxKMa8b179xZ33HFH1bF8CiC35OX5eCsJDCGEEEIIIYQQ2upyva54X/HA4oXFE4s3zmVqI3748OGqQ3H/CCGEEEIIIYTQqkk8sXjjXKY24gAAAAAAAACQD0YcAAAAAAAAYEQw4gAAAAAAAAAjghEHAAAAAAAAGBGMOAAAAAAAAMCIYMQBAAAAAAAARgQjDgAAAAAAADAiGHEAAAAAAACAEcGIAwAAAAAAAIzICEb8vuK2fXuKfZ+5z7zeaswp/qO3Ffv27Cn2iPbdVvYC4+DP532f2bck+b+zuLFcCzfeaV/eWK6NG8tSYasfQzmswhgBAAAAAGqmNOK1eajMpCoxEtvMiHsGaVJycpLI7U3T9TyIaqy2733FbUdNecCdN3VvXy783GPEl4VVGCMAAAAAQM1M74hXhiwyilv9AjuIfyZGPDBdKkodcxe9e7/ZUM1lhkGtjey+Mq6tacSXFow4AAAAAMC2ZUQjfpt3hzc0k/VdVasuo2vbu7P6t6pv+3Qf9y7lX9SHd5itcYwNr3+X1DEIQfuitCmu92vqBu31t6GZdScWoTee1Jhrkjmv2u3/sKHJU1U/w4h7d9jdWO24hqwRt79gnOEaDPoV2Rzqc90VRzx/6fUazFfn62C+BxpxPzelvA9RTNvluNr1EucvvV0Ixu22H+XX3dfGrhyvHrbepOcJm792LTT5Sq47AAAAAIDFMJoRdy+aK/PjvK72cy7sw9c+tr3AKBhT2lxke6/tRX7bosRQbwsMUEnSiAueQUoT5sJ/HfcZo9TpMch+XrvGbOJJ5Lwev9zlljwbBfPh5SjHiFd5c+p4r4evEdm/Hks4zuB1uC6C7d44zLahcbjbQ6r97bybWNr9ZY5tDoL59toNx9hH3VZbv37txu2Pq2+7yUuzfsPXPn6ObE571kdTr81lX+7912YMTv2KznUHAAAAALAYRrwjbi+fSzzjJhfQwYVxp+FU2ivxDI9B4qnrdRmH+gLeNbxVW4GRaPrrMV4VmjGNxpxnxN07ebU6+vb66BtzOueh4WnaMmV+fkq08Qa0c2Gp29TNdInbZlf72nw4ZfG68PvqnGvB61vJW996CGKp7wybNmRb03ewJrx2lbh68I9FZb1F4+rYXv1fybG3Rhwmin2C3HtxKWMo6V53AAAAAACLYfFGvPp/uV+k4KK7Qb+wr/rW2rHxhP2kDFDJMhnxqE7Qfzxup9/UmHtyrs6j028y16XCeampc5iun7NGgnxatPkIY52VEdfi6F0P1kBK2/W+tSG/r+47ZZa9dpW4QrQ5TbVd4Zb1bK9iCdqu5MfXta0z9oqc3Id9iOx8aGPQ4qrVHw8AAAAAwPxYEiNuL6Zz0C/s9b5T1BftdRvxBfxSG3GnvBpzE2dJZy6dMffk3B+/oWvcvXOoz1nLFGtEi8spW7wRr2Oovn9t+5F2yv/fJuXNjsF8e+325K+Ky18r/riVteSNpWd75xjr2LwcD4m9YYLceyhjyO4bAAAAAGBcFm/ESyJDWe3TfeEfXVxXbQYX4qUhqOuVF+lR+7aNsL36gj5pznoNQU2Yi15jFKHXqYxjZXLiPNTbbGxdYzbxJHNe9922Xe8bz60hJyeVOfPrSLz1+OKx9K6Rsj193+B12G/1ut0+yIib7dG89hjxel7iGP18BPNdxZlpZr26Qt1W13rz89m3PR53tU+1PbHvrI14SbQGqn38NevGURHOf0m77gAAAAAAFsNSGHGhvnh3lDJ9XRf2VbtuO8FFvLvNbd+Ys1o3Frf1mDO3rfQFfb1f065nIBKmwaOu0+zfyDFcwXj33XRjbFyc7WFOO7eHuUzOR4kynypenkUdZi1qM8inty3IVRCrNcL1ttu8voYZcfu67evGMue+CVZQ8uP3KwRrYogRL/Hn8sYyrvLfJg/KWlL6Tm8Xwvw78QTz6uekP/aajNyXpNdskD+X5LoDAAAAAFgMMzXiAKtGbKiXkQ6TWtG3HQAAAAAAZglGHGBicu/2LhqMOAAAAADAMoERBxiA95i7qOuR/aUBIw4AAAAAsExgxAEAAAAAAABGBCMOAAAAAAAAMCIYcQAAAAAAAIARwYgDAAAAAAAAjAhGHAAAAAAAAGBEMOIAAAAAAAAAI4IRBwAAAAAAABgRjDgAAAAAAADAiPQacVsBIYQQQgghhBBCs9Htt99ubHcMRhwhhBBCCCGEEJqhxITff//9xnbH8Gg6AAAAAAAAwIhgxAEAAAAAAABGBCMOAAAAAAAAMCIYcQAAAAAAAIARwYgDAAAAAAAAjAhGHAAAAAAAAGBEMOIAAAAAAAAAI4IRBwAAAAAAABgRjDgAAAAAAADAiGDEAQAAAAAAAEYEIw4AAAAAAAAwIhhxAAAAAAAAgBHBiAMAAAAAAACMCEYcAAAAAAAAYEQw4gAAAAAAAAAjghEHAAAAAAAAGBGMOAAAAAAAAMCIYMQBAAAAAAAARgQjDgAAAAAAADAiGHEAAAAAAACAEVn727/922LPnj2VLr300qpQK/vJT37SlF122WXJsh//+MdN2Xvf+95k2Y9+9KOm7PLLL0+W/fCHP2zKrrjiimTZ3/zN3zRlV155ZbLsf/7P/9mUXXXVVcmyH/zgB03Z3r17k2Xf//73m7Lf//3fT5Y9/PDDTdnVV1+dLPve977XlL3vfe9Lln33u99tyjY3N5NlDz30UFO2b9++ZNmDDz7YlO3fvz9Z9p3vfKcpu+aaa5Jl3/72t5uya6+9Nln2wAMPNGXvf//7q7K//uu/bsquu+66ZNn999/flP3BH/xBsuy+++5ryj7wgQ8ky44ePdqUffCDH0yWfetb32rKrr/++mTZN7/5zabsQx/6ULLsyJEjTdkf/uEfJsu+8Y1vNGU33HBDsuzee+9tym688cZk2V/91V81ZR/+8IeTZffcc09TdtNNNyXL7r777qbsIx/5SLLs61//elP2R3/0R8myr33ta03ZRz/60WTZV7/61absYx/7WLLsK1/5SlP28Y9/PFn25S9/uSn74z/+46rsS1/6UlN28803J8vuuuuupuwTn/hEsuyLX/xiU3bLLbcky/7H//gfTdknP/nJZNnhw4ebsltvvTVZdueddzZlf/Inf5Is++///b83ZZ/61KeSZf/tv/23puzTn/50suwv//Ivm7LbbrstWfZf/+t/bco+85nPJMu+8IUvNGUHDhxIlt1xxx1N2cGDB5Nlt99+e1P2p3/6p8myz3/+803Zn/3ZnyXL/uIv/qIpO3ToULLsc5/7XFP253/+58myz372s02Z/F+QbbZM9kmVSV+2TGJIlUnstkzGlCqTXNgyyVGqTHJryyTnqTKZK1smc5gqk7m3ZbImUmWylmyZrLFUmaxNWyZrNlUma92WyTGQKpNjx5bJMZUqk2PRlskxmiqTY9uWyTGfKpNzhS2Tc0iqTM49tkzOSakyOZfZMjnHpcrk3GjL5JwpyDnUlsm5NVUm52RbJufqVJmc422ZnPtTZfKeYcvkvSRVJu9Btkzem1Jl8p5my+S9LlUm75G2TN47U2XynmvL5L04VSbv4bZM3ttTZXJNYMvkWiFVJtcYtkyuPVJlcs1iy+RaJlUm10C2TK6NUmVyTWXL5ForVSbXaLZMrt1SZXLNZ8vkWjBVJteQtkyuLQW51rRlcg2aKpNrV1sm17SpMrkWtmVyjZwqk2trWybX3KkyuVa3ZXINnyqTa39bJp4gVSZewpaJx0iViTexZeJZUmXidWyZeKBUmXgnWyaeKlUmXsyWiUdLlYm3s2Xi+VJl4hVtmXjIVJl4T1smnjRVJl7WlonHTZWJN7Zl4plTZfa1KAVGPFGGEceIp8ow4hjxVBlGHCMuYMQx4qkyjDhGPFWGEceIp8ow4tvYiJt/AQAAAAAAAGAEMOIAAAAAAAAAI4IRBwAAAAAAABgRjDgAAAAAAADAiGDEAQAAAAAAAEYEIw4AAAAAAAAwIhhxAAAAAAAAgBHBiAMAAAAAAACMCEYcAAAAAAAAYEQw4gAAAAAAAAAjghEHAAAAAAAAGBGMOAAAAAAAAMCIYMQBAAAAAAAARgQjDgAAAAAAADAiGHEAAAAAAACAEcGIAwAAAAAAAIwIRhwAAAAAAABgRDDiAAAAAAAAACOCEQcAAAAAAAAYEYw4DOBAsbG2VqxV2ihfAWxB7tks1u063mlX8ZFic4dd2+vF5j2mGAAAAABgDqyt7zti/mvBbEEK1sasObJv3eRT18ZBU3HJ0OKOzyUu7trpqztnMOIAAAAAsGC2kBF34tqxWV42w7S4ZmpZDd/CUU3b7HDnoD0WXVO4ZHMzYT4O7GzHI1o+Iw4AAAAAMB4Y8RUGI57BQoy4X748ZnGyY9AbixFGHAAAAABWmcFGvP+iOrW/c5fPvYjPuSh26wTy+tbqDTTt2vhEnlHN6se9qyl5cPPi13fvFvqGOGzD4eBGs0+jIIa2XXnU1mmrzHN4h7JV14cviXicWGQ+/By29bw+w3x1zLH6IUE4/h0bxUYqV17crXo/fNBybOTuO43RdPd198kp96XPW2qew7Gr7QbHo1unN3eWJodlfME6ySM4birFY02uda1+4pzjt2EKw7rBmtDHocXM4+4AAAAA0DLAiDsXt42J0soyLmjddrMvzp24QhNX0pqEtk+tLE3CZJpyazzy+0mYAc0EJIxBr2FoyvTYUybM7jfcWCVypJqTcPymj86xunnviE9bM267bjtNuTM3QwxhKt4KZ4w9x0QKd4xtLIk8l1T1vThSddNxyLpo89nWa/vXjzXvuN7nz7k+VtuOyf2QvAtO/SZerazEX+t2rhPnjMSceuOza8VbV239/rXZzsXw4wwAAAAAtjvltaG5wFSVcTGpXVz3XEC75W27zsWvSocRT5qlbvPuknWxPKifDIPUlOt11dw0eQzypeRcNRYOww1CYkzaGijR+3fa6JkTL69Nvp2yIXn15mtADB1GfNAxkcBtQ9MsDGtXG23/bi7dcjt3bn7XyzZNbc+o6vOhnRf6x5U6drV5Tq/1XnPtzOmQunp5G7M/Pm0dAwAAAMAqk31HPGnqei5IbVm9f9meuRiv+x1giNw2w7rJC3z9oj0ms96gflJt6uWx8XFy7oy3nYe0bGzJOTMkjWSSxJgSedH778q1uy2QzUHKGGntunWTCmMISPbXkd+OfULcOfDWlJPTaL13jKtpw93fKjrGOvLtqF4b+nlBcNekXUdNmTv+5PGjMDDvqblQyxNtD6mrlms5DxXNAQAAAACsIplG3L1g7zAdzUWmU78qM6+r/5v2q4vXtq/eC3M3ruBiNmlm3DjCuD3SJsNlWD9umdtmqjzMhZab3PHUpMyJZZmMuBtLO7/KnLtmxzNoSrvJugNIGsKOuVCPCZ28NWXnxy9r6vfmP5SNN2/d16THG4/BbbdL+rqs6Jg7d1yR8Q/aVMsTczqkrlaenksAAAAAAJ853RF3L0rLNkydui97Qd+Wd16QNyimzJIwIr556DIamfUG9ZNqM91Xk2MZX9NXhrFI0FfXNQ6LNeKpnExpxFMmaggdbQw9JjQGGfFUu8l1WdPG6ajaP5V3ndR4sw1oT5weA/Oeik0tT7Q9pK5aPmR8AAAAALDSZBvxpGlLXXw6F6rrO+p97X51W+vFxk7TZs9dw5oOI568aO/YJ6C9CO8wpYP6SZmcDvPT5NLJjdfPANNTkjInluScJknEnlgDev9aG6l50spTdXvaDXOdS3LOO/I3wJCl59Mdj8lfqt3c/pSxZK17y6B5VhiQl2HznI5BLU/M6ZC6arlb5sUMAAAAAOAzl19Nr3EvmEVOW+4FqygwOCnaC+XYVLWGpr2I1srSdI/b/xAhpx/dMKTLBTeGWrE58vPqbTd5tWW9BsmZh35jJCRiH2TQ9Da0uq5JdddXW9cZv7em9NjCNVq102uYnHi71nizrat+jDtGbw7cuJvjQzOnbj7bNqp2w/6dNtt14665YJ1U9RNzZ9t28953HCfWSRItXnUM+voR1PJEzEPqpsq9Nevlw+SuL0cAAAAAsBIMMOI13oWmUeqiOn1R6htO94K6G990iLy+PTNmlGGGXLTxibwYs/pxY3XzmCqv8fuPtzc4hsRXu0/KnHhE7XT0mYo9YbD0/nPyUmt936ZiPGuieXL/jnjnXPjKMoRllO56FbnrYcgxEZJab1bRsRGtvTK3zp8Ss/2m29XnN1lfOX60ulnHcGKddBPnXhvDshjxGi3mWvnnOgAAAADYzqyZfwG2OI754a4jAAAAAAAsMRhx2HrIndXkHXL/jigAAAAAAMCygRGHrUfqsXzlMWoAAAAAAIBlAyMOAAAAAAAAMCIYcQAAAAAAAIARwYgDAAAAAAAAjAhGHAAAAAAAAGBEMOIAAAAAAAAAI7IcRvyezWJ9ba3YOGheb2vqv3e9vo/f9x4d79fWN8qZWFG2fB7mfQzZv0kvuTlSbO6Q//Nn8SbCrLVqrsx5vv/v/Nv815rmfeHAzrKNjL+mkFsPAAAAYFZERry6IOm9UBqCf1GlXlxtRyOeHBNGfCEMWWPGPGyr9WjZSsfaIo8hdw2YOLz+TJl7TrOaKrdTzk/99/SX58MV1+DWsfV9oGE++PDeg0zZBEYZIw4AAADLim/E7cXljIx4feGlXDC7d0mEKS8+l5LkmDDii2CQQdnGRnzZjFonCz2GavNn+4iMmoktdW6b2NRNeS5crvmt56kei5/PJOr4MeIAAACw/aiNuL14tJqFEU9dqDYcKDbttikvPpeS5Jgw4ougMihcaG+tPCz6GJLzYpMr6dO5m9t5fqvjmyjPU54Ll8qIu/mrxpURV1Vvdl8DwIgDAADAshI8mq49FjgZ1YVN7gWhc/FZ72el7W9ibOokLlpNm91tmQvmznphnYyLxKjvWnWcrYmoL5rt9kS7WePQyBlbXy5T66Edg6U1AE6/7oVt+GFPqdDE+HM/xGh1j8PPc63Otp31aGku1INx1HXC/vvWUC0/14YwTzvWo1gqJlgX6TzoazIavylv92tp5j+Iy9bz998qx1AHps0wDw1mHtscxmtU5O3fOeb+/bX59Y5J5bxe79PmLbXO1XHOOq/a+M05pImrrtnQty71/fRcau0DAAAAzIei+P8BeV3oTK2CO3UAAAAASUVORK5CYII=', NULL);
INSERT INTO `archivo` (`id`, `enlace`, `id_capitulo`, `contenido`, `tipo`) VALUES
(8, 'ejemplo con blob', 1, 'iVBORw0KGgoAAAANSUhEUgAAA+IAAAJqCAYAAACvjvpKAAAAAXNSR0IArs4c6QAAAARnQU1BAACxjwv8YQUAAAAJcEhZcwAADsMAAA7DAcdvqGQAAISuSURBVHhe7b0LsCVXed97clPXt5LcpFJOrm/lVt26oVzhlsEg8RBg8RC2wZjgYOmIkRUshCJkJIO4oEBAREGC4UwIAjIGgeOR0GMszoyEDMISwoCFkEHM2GMwEnGiCeIpWQyMZIEEgpiH+/bXvVb3enyre/V+9N7n7N+v6l8ze/Xqtb71rdW9+7+79z5rT33qUwu0GB1//PEIIYQQQmgJpV27IYTQrIQRX4C0k/0v/MIvIIQQQgihBUq7RtOu5RBCaFphxEdUeGJ/ylOeUjzxiU8sjj322OKxj31s8fM///PFox/9aIQQQgghNKLkGkyuxeSaTK7N5BotvG7Tru0Qmp+eVjzxF59X/Ivnv6L4P0+9uPiHZ1xZ/K/nfLhYO/cWZCT5+EdlXiQ//+JfnVs88Zn/ssqbns/lE0Z8JLkncjm5P+5xj1PfCBBCCCGE0OIlpjw05No1HkKz1dOKn3vebxX/y8s+rppP1C3J28/9y5dUedTzuzzCiI8ge/KWR57kU1btZI8QQgghhJZLcqf8CU94gvfYunath9As9IRfen7x91+yXzWYaJj+wUv2FU/4xV9T87wswojPWa4Jf/zjH6+e5JdFj3rUo9RyhBBCCK2euC6oJXmQazjMOJqnjvmV3yjWXn6zaipXXT911nXFz6xfWPzsL7+w+Lmn/mrxhMc9ptLPP/mE4pEnnFRtkzrRvmU+j332DjXfyyCM+BxlT9byWJM83qSd3BFCCCGE0PJLvlboPqquXfshNIl+9vmvjE0kqsz1//MrL2mMd5+krmbI5VF/Le+LFkZ8TrIn6a1wJxwhhBBCCPVLrunsNR5mHM1CxzzrBZFxRLcU/2THW4pjnvgk1XB3SfaRfcP2JM9a/hcpjPicZE/Qxx13HI92IYQQQghtA8k13ZOe9CSMOJqJnnzCs4u/w+PokcRIayZ7iEIzLnl+0jOerc7DojSREd/Y2FDLl0kveMELimuvvbb44he/WFi+8Y1vVGWyzdb77ne/6+03C9mTszy+NI8/SSbtXn/99cWDDz5YjUv+L2VaXYQQQgihReiiiy4qTj/9dHXbWJL+Zx2DXNst4hH1yy+/vJK2bVn0nOc8pzj//POLm266qbruFv7kT/6kKtfqL5MErXye4ofZYnWZ8F/55WcWr37lucW5L39pcdYZLypOOfnE4hee9ES1rig04//gzE11HhalQUZcDiIxth/5yEfU7cui97///cWRI0eqf88444ym/Nxzz61OYLJNDLmUzeOgsyfmeT2S/olPfKLS+vp68exnP7v6/4c+9CG1LkIIIYTQIvTkJz+5MmWve93rFvJnW+UaadeuXZXk/1qdSeU+oq5dC85acg0r168i+b9WZ1Fyb37JDa5PfepTxTvf+c6qXLyDvJZrcm3fZdI8PEGXHvsrp3omEdXfCU89jv6Kl720+L13/07xO2//T8WbL/r3xb8tDflZ/+a00oz/evH0pz5Z3UfaCr8zvkyPqGcb8a1iwu+6667eGGUsUu8v/uIvZn7Q2ZOyfDd8HnfDRYL7hiKG/KGHHvLqIIQQQgiNpfDO89Of/vTmWuXlL395ceGFFzbbxpJ8CHDSSSdVkhi0OpNKrvHG/BX1z3/+882HCst0LS7xiPmWG13uzS9XYsjlAwRt2zJJ0MrnJfnzWq5BRLcU/zzxw2y/9MynFde876riqvf+XnHJ77yt+I8731C85rxXFGe/5MXFqaecVPzqr/xS8cTHH6PuK226fSzTXfEsI/7iF7+4MuHL/jiMfNqWG6P9hG7WB509Icv3h7QT9ywk5JRNr2cU5+x6V3H+Sdq2BeoZ55Qn/nOKZwTlJ51vYr3+y0Xx4KHiLcH2MSRdN3z5eqXOW4pD8o0CddsS6KTzi3edf5K+bQXUrCFl26L0jHN2TTQndizV/srxghBCs9Tb3va2Sva1GHF5LSZYXp933nmjPqYu/YtJtK8lFrlD79aZVmN9V1wMrmtkxfi6X7NcpOQDgpxYJP5liTklQSufh57y9F/0zOFQfef7Pypesnmnus2V1HN56x9/Xa0nbXVtH0Ny51oz0qI3v+k/FH/4gWuL37/ysuI97/rPpRG/sHjtq19Z/PZLzyxeeMp68S9/9VnFU5+SfkQ9vCsu+dfmZWz1GnEx4XK3ddm/F24/bRODrW23kpOXy6y/I25PyLN+LF1Own/1V39lok4jdV7xileobQxXvxHXTIIYgF3nPMMrm6XU9sWcv+v84iT5/0KMeKbBtk59KY34kn7w0iV33qfVLNuaoSYy4ks6FoTQ9pSYbTHaImu8RfI4upjh5z3veZUJFjM8xiPq0kcYi3wIIGWz7H+Mx9Plula+Yy15tGVy02lZ7orLdXTftfdWkaCVz0OPeu4ZnjEcqiFG3NYTky2EdWahWbT7Mye9QTXRos29V1RG/Oqr3qsa8eeVRvxpx6d/YV3advuS/GvzMrY6jfhWMeEiOSEtwx17ORnLo0rHHHOMetKeVPfee29lxrVtrqTO4cOH1W3DtYxG/KTifMVgSBxNn4sw4ll9ill/sPjyl0vHvoxGPPGkwVJrhobTW0NLpEmM+LKOBSG0PSWPgIvZFsn3wd1t9nva8n95PPzUU0/1ts9C0q+YbOn7Xe96V2X4Q9NtzblskzpSV17Lvm5bQyTXevbxdO2acBJJLsV4269PitGVJzhdsyv/l69Yhsz65lKOJDaJ2S2Ta1H5sbYuZIxSz91v0RK08nnon52yyzOGQzWJERd97a9/MJe73oJWPkSPPOFE1USLNCP+ute8yrsj3mXEpW23L8m/Ni9jK2nExXzLHWYx49r2ZZM8GrMMB7Q14o95zGPUk/akErRyTUPqdssacTG/76reuN71rl3FOc+ot4vhrstqnX9SXb8tM3XlcWcxePKv3RYYPq8ts60qCw2I+ui09NvG1Zhie/dZCEzyW6rb1y1fvj617cvF9c1+15evWh489JZmH+nKbUNT1W5pwO2/Wh2R139Zrx5O3Ve8b30nvunbjP2QCVTK3f1ryTgeLA69xb6uFZu3YD6dOavMoS0v5e5njaM7p812uxZM3bgs6NOZ67rdc8z2cr5f5Kwnr+6ANuyaqfZxX5dy12tUN31cuHWa/TNzV8nr9/ziHJPPto7br/ahVzAWJb9e7FXbbrxdeQj788dZt+vv74+Xu/QIbTeFj4DL/6XMrSO/ni6GXEyvmDZ32ywk5lrueA/5QTape9ZZZ1X7attzJNd6szbiYqblxtKy/SBbSvKjbOEPsYk577s5tkx39a0ErXwe+scv+j3PGA6Va7DFXG/++Ter+IXP3/NdtZ6tK6/FjMv/RVJHtgmyTbD17T7SvtuHYA29i+375sMPmJKi2t9tL6UuI977aPpzfrnz0XT50Ta3L8m/Ni/T6OSTT46eDpHXUu6Wiay/ThpxMeGTsohP5AStPEfu926mlTXi2gl7GglauaYhdbtlL7Lbi+fKXIWmwjMJyh1xeyHv1PNMtmcUyjbLi3n5f2zErYmwr42C/bXHv6ui5nVpXr98qDHmlbm1Rv0th0qL6pjv60sjXP2/NuGt2XbNbH2n+9D1sq8lMLpOu11G3ItFZMYyyIiXuB8K5Bnx0EDVuXbn8aRz6hzXxso1VLWps/NijVczT9X827b1fuq6YZ/+fNftBiYxuiM+QRuicA1VMTvtetvrNtPHRRhDfu6ifqvxucdBUD/KZyltLMnY6/bcnITH3UnlRbOXh2ZfZZyyr9NWNV4nluq1d0wjhLa65C63+91v+X/4w2hyF1wkd6WnMb4pySPo0m74AUCf5IMB9/H1STRrIy4fZMh19LLdLU5J4gyvowX3tUi71tbqjanwO+thPPP8TvtP/dYHPWM4VKERt2ZaJNhtbj0x0raefUzdvTsuyL9ipqWu/F/2ddu2skbevrb7imRf98MAMeW2vS5pBtrq+KccV1xz9ZXFlfJjbbvrH2v7d//2/yt++7f+Te+PtVm5fUn+tXmZVHIDW5DfVLNlYsAtrkG3Hls+lOy9I75VPpETwk8hciT7CNq2STSmEZeTn/Z9cK3uZPJNTKXA+GgX1nIx7l6cR8ZA5LYTmo+UZJ+wnVLSnxdj7Tz9x8RDg53aVv0/vlustSmmuDa4tRn2tleG2Pbnm+W0EQ9MtZFrpLOMeBCnu38txYjLHLjzqM1ZJWVNlHLXQbwm/H289eGug2BtVXLiUk1cuM8kbZQK11C0hqsxWIPZc1xMkbu43yBmpW3ZHpphrw9vnzgGqe/lJBm/yDH+Wq69Dwa08cr2cB+E0FaVGOuLL77Y+xG0vu+CT2t8U8ox4/Ihgfx6u3xYLP+6HyBMqlkbcVGOGZftIYu4ESYSv+CaVsHdPqRsLNnflnJz7MZjP2CYlxn/u7/9Ec8YDlVoxF1D7b6Wei62TmikRXa7u01MtMjWcdtLGXEx4SGuMU9JM8+uXvbSM4tLfuftxTve9pbmz5e99MzTixec+GvFU3/hOHUfV25f8zLi8pURWzaVERfJbXM5qLfCd8Rl4JN8aCD7uEmbVtaIz/pPlwlamXx3XCsPyyZTj+EopRmbyEyoF/bBBbnUCe7MhQoNRy3lwl4xo7X5dO90i1F2cbZVZtyUuuZZozLFmoFuy6quHPOcNuLanepxjHho3rR5reUaLUfOHMf7ButI1pBTt5nTZg0ESrZr2lLX0YA2ojVUx6u1U4+h+7iYPHeacfXbq/6vxNX2pxwPztxosUubncdrNTa3PzOGsF4ld4zyf3e/YH9vP4TQVpSY3/gYrzUvw92lLjMuj8drcU7zZ9Xm8Wi61Va6My6PmEu89rXgbh9SNqas2bY5tvHY8t/8zd/06s9S//CMKz1jOFRDjLit56rLiIvsfvKvW2bbDfd393XvqA/Rzz3tOaqBdnXC03+heNUrfrt42TkvKf7N6S8sdpz4/OJJT3ycWteVtO32tfSPplttFTM+5E+XuZL9wu+2TCNrxB/72MeqJ+1JJYRlcqLYFnfEo3LtQl03MarpUcyod9c73J68Wy6G1Zhc2Uc1z7XqzW6ZNch1Gzphn05/QTtzNeLaXKgmS6Sbxaq+axa9OQn3kdcyl/ZfUy5xqH3WUuc6jH2CNlJrOBpjo57jYorcRceOKWvic+pqUnPkxRPHIPskj9dobTjHodQL101V385pML8IoW0n+93vsFzKZFtYPobkB9jCDwHkzrdrvuVuvft60jvj8/ixNlfyXWvX4C6rJEb5cTn7WrD/atg794LdZ1FyzbhgX//Gb/xGtf30necUr/7gRvGmP3tP9a+8DtuYRD9z6ts8YzhU8zbichdctrt3st22pNzd393mPgI/RD/7Sy9UTfQsJG27fS39j7W5Eicvd43f+973qtuXQfLoiBzYQx5Pt/vM8rETORmLjj32WPWkPakErVzTkLrd6jEcpVImJrqwL9/o2nbqdm2dZ5xzvnOx3l7o9xuQxIW+OM+S1tB2m9n6bndr0sP96teaSXZU9ekY6/C1I79/P7ZqN9dIm7E0Rjpot47diUu2B0a8quOU1U22RjwyYpXqu5lu+aDviHtzlTB/558fmGZ/XYTS1lpsFIe2kVhDmslsFI/Hj2PK3Lnbq3ad4yCo76tjLJMacW9f87ox2so45Zh1PjCrxuPNMUJou0jMthgwbZtItg358bRZSR73DPsN74ZLmft60rvicq1nr/u0a8JpJT9EnHraU65fQ6zBXYQkVvv9WCHcnlu2CFnzLbh3wl9zfW3AQ4khD9sYqkf+2ss8YzhU8zbiso/gtuv+AFtoxOW1LXdfW9x2Uur682WiHS/49eKVr/jt4t+f/5ri373mlcXLzjmrOO1f7yie8+xnFsc/+QnqPlbhny+T/GvzMrayjLhIDK6YcflzBNr2ZZDc2ZY/h6Bt0yQnjVneDRfZE/Jxxx2nnrQnlaCVaxpSt1t9hkNUX4zLG1lTz5oH985ZeTF+TnWRbuSaoerivt1m23GNuPw/Mh/Sj3aRb8yo/eXwCu8usn+X+sEvy/1hY26dx9IF705ysM01s5Vqh2vQTbioy4jb1w1lvXo4bRxuNw8eut75sKCUGbtrxMM267v0NvaEeavUzm04Z7VhbLeFxi42u9o6UuY07NOpE7dbqzZ/pZptA9pIraFS4Ri7zGzXcVEpM3fR9rLPk7SYnf2b4yw1Fs9MDzTipn7TV3mB6z2ZEsSi/Wp6Mz9WyhwihLae+v4UmWwLf7RtDMl5RisThd9bd++Mu+W5kmu9eRpxwX0tH26IaXTLlkk2tjDuIWWLkjXjdgxy51sz4We/+9XFy9/7+qnvjD/pGc/2jCG6pfips65TTbT8jfB3/ueLi9+/4tLi0v/yrmL32/9T/R3xV51bnH3Wi4vfeMGJ1Y+1PfUpTyged+yj1Takbbcvyb82L2Mr24iLtoIZl8d45BO5rjvjcgdcHqGRutr2aWRPyE95ylPUk/akWszfEZ+RvAv7CRSZnFpygZ+687l95N6Vn4OmnZstru20hpZiLIljFSG0/SSmMPWDbCLZ1nXHfB6SH4qzfcpdcflapcTRd0d80sfo7WPp8zDicq0qxlD+L3fFv/GNbyzNn+rtk2awc8uWRdrdcDHhJzzrmdUd8VncFf/fXnq9Zw7RLcU//5WXeAb6N089ubh2397ihg++v/iDazeLq8yvpu9603+ofzX9pWcW/9r8+TL5O+KPO/bni8eXctuQNt0+fqrMuzYfi9AgI261zN8XFwMud7nl8Zxrr722ekRJykTyyax8j1y2SZ0usz6N7En58Y9/vHrinkTyXXAx2H2IYde+N75QTWn2ojt2leTO2/a/4Pcem5+DxLyFd2RXR9tpDS3DWMzdc+54I4QWJGu+X/e611WG3D6iPo/viMs13rxMuMiab7lxNOkPEi9K8uNtOX9HfB43xGYla7x3nPeiyIRbY67tN0SPeu4ZnkFE9V3xY59Y/wK63AkXA271oT+4Jv13xMu6Ty+NuJhwK2lD2grvhkvetflYhCYy4ltB8omhmG05eVnk/1I2708T7YlZ7orP+tfTt6RW/K7rENnvfLfMz4QjNJ2Cx9ZFmHCE0AIlBltuumi/2B7eFbea5G64XNvJNd48jbjcLAp/jXyrSK6zxWR3IWNb9N39FJJ7e0dcjPivvfikyITLdq3NYXpa8ffOutYzieiW4p/seEv1d8P3XrEnMuJXX/Xexoi/7jWvaoy4mHZrxMWA23//8b/+Ha9tybfkXZ+P8bVtjfiiZU/OT3rSk4pHPepR6okcIYQQQgiNI7nzbQ25/DvJnXC5ppv3d8PR4mW/I/4fbt1d7HjVaZ4JF83q19Plu8p/5+U3e2YR3VI89eW/45lwa8Tf5xjx1B1xMeCi/+t5r/LalDw/+YTl+G64FUZ8TrInaPn+0CwfUUcIIYQQQouRXNPN87vhaHmU+tX02dwNb/XYXznVM4yo1jGv/8Pimv37GyP+wev2F1c7j6bLd8TPOeuM2og/51nVd8TFiD/uCY8v/un6m+L2njW7v5I1K2HE5yjXjM/6z5khhBBCCKHxJNdymPDVktz5toZc/p3VnfBQ/+JfvTwyjuiW4mde88fFK9/zh8X+a64prn7f+4qr3run+rG2jTdeULzmvFcUZ7/kxcWpO9aL5/zqc4qnPP0Xi//7OS8t/u45H47aeeSS/LmyUBjxOcs149wZRwghhNBWEV+tqyV5eMITnoAJR3PVMc8+pVjjMXVV/+BVnyhOfuuNxWt2bxZvetu7in/3hjcVZ5/32uLU33pV8fTTXl387At3FX//zM143zKfx/7yuprvZRBGfATZk7boiU98onqSRwghhBBCyyX5YTa5dnOv5bRrPYRmoeOe+dzifz/zfbGhRIP1j864ssqnludlEUZ8JLkncPlEVU7qj3nMY9STPkIIIYQQWpzkGi28Cy7SrvEQmrWe8EvPL/6P3/R/8RvlSfL2+DJ/Wl6XTRjxEeWeyEVycn/yk59cmXL5kxvHHHMMf+4MIYQQQmhEybXXYx/72OpaTK7J5NosNOAi7doOobnqaU+vTPn/+7yzi392yq7i7531ftV8rqokH//sN/5jlR/Jk+RLzeOSCiO+AIUndis56SOEEEIIofGlXZuJtGs5hBCaVhjxBUs74SOEEEIIocVJu2ZDCKFZCiO+hNLeEBBCCCGE0OylXYshhNC8hRFHCCGEEEIIIYRG1No555xTIIQQQgghhBBCaBytFQAAAAAAAAAwGhhxAAAAAAAAgBHBiAMAAAAAAACMCEYcAAAAAAAAYEQw4gAAAAAAAAAjghHP5Mi+9WJtbaM4YF4DbD8OFBtra8X6viPm9WI5sHOtWNuxWcwzmjH62O4s8tzI/M0H3u8Wx7KuaY41gOngGAINjHgmM70wuWezWF8iwzNTzNg2DprXM6I6gZXtxlqei8V6jbSx9c1vPab1YvMeU7BwMOI6R4rNHUG9Oa3zXhZ47kjlaisa8bmsrZ65CfsMzxeNdsaZrPb16k163qiPcb+tUkEuMOItc8lFx/ljtmtz4Dl9tLh06nW+HdfdnN5bzXxFx3OpZXkft2NvY+uZ34MbSxb/7BjjGNrKrOr7DkY8k5kukAVeTM+djjfyadDfoI1BWviBqxi1HtqLcIx4itEu/Hr7wIgLqVwt8s1z0jUyl7XVMzdhn3XeguPftKHHNovj01wUe2Y/Po+u6gWRxlxy0XH+mO3aHLhmRotLp+pjW667Ob23ps45y2JmTRzZ75P2/LcMsc+BMY6hrcyqvu9gxDPhwiSTjjfyaUi9QasXsyMz+ORqc7RT3qQw4ilGu/CbpI85rfNlJpWrRZ4bJ52/uayt1EWxIewzde5Kn9PmZcRLgth5v2uZSy46zh+zXZtby4hvX0Y24qnjfEw61pKO+UCwvC6aS66WAI6hblb1fWetvitn1By05iAOFB5QbdKC+kMOfnOwtv0Ek+AczNUiTtWrsJ/sd9Qzn9A1ShwUfl9WcZ9hvbyTR3xSbnIZ5MPW8fsJL9K0cSdiCfO9Y716HdcN10CGYYzmspa7bibLl90vzn+dNz+2uszvR53ncC2IEheobZ0gBmd95uHMfdV/Rl4r5nBMJuYrd06iPCdyt3EwWJ92LoL8h/1Wcy51e+pV9M1ThX6c5LwxNrHIi0TeutaAt3+DvfDwI9XWbzvmjnPHJHOePP59wuO23rcez6D+wzrZ61/Imb+w/Vpd56BKTRv9+ycxuU3lMlwDdd7i8afKbWx9c9WNGV80N355O6c+dXmbl6gd7ZyqHYs5514bU6O8tTJsPcZryp3raLyV/PGE66l3fnrOH806CeqF7aqxZRwLyfhmFFdF1JayBhSidWfamfQ9pD9HLdE8ludGLe6oTXVduWTMw4T5svvFc+AfzzV6HPG5TasXx9O37pv1Yl730dav+1fXVYq+/DXrKIxby7P2PhPUC89f6jhz3q9qsnPpjrNz3eXOdUmUu1Je2/356D0mmvyHbbXtqMeq20/We0ZIXh7a805Q323f9B/n0IxpwFoPce6IlwE0Dbn/NyhBtIlzkmUSnnUQKW3WCzJuz6+nDdwkMIj7wM72zbuO130z19rRk9pOlEWplz32Ola3XpNLtz1n4bl12xOWRWJxYyvRYjHteWVaPaUszl0Cs2/WYs3Ol7IuKsycBwejxOr3r/StHlTBus9Zn1WdjWLTzl+jMFbBxGHjrfbNu7iMYhOU+Jp15PbfsRai8Yf1EsTzocyF6dcfo6kninLt56LuI2hTi1spy4qvpKoX5lUhqpdc5zp6P8F6KFGPM+mrqRPP0dA598q0eglSucruXylTx6uSO39lvTDG1PpQxpK7v0pPLsM+U2Ov6nlr1xLP/XD0PIbldWx+DHFcSltlrsL4ov3UfAZ5n2KtZK/HRPxhbFouaqZ4TzP1tDVV5ytoNxGXv78Sjxlj9pqZQVxaWXpN+0S5NvH4827mTY3FXx95OTJlQXxazHGZsoZUOuZhinyl1ludx/BYKWPwxl0S9a2Px72OVnMYxVHXWd+32c6VkZYDf947cqWRk79mHbn10seLX+aPP85tRztRHsN6Obm04wn37SJnrktMmZ9rd9/+fGQdE+pxHI89Ov4tWuxenCny8lD3G4wjsaajY93U82MbxoBH0+vkuhOmJy0RbETcXk1d3gwqMciw7+QENnT315RXk+Qulprc/qrynMURxKK3l4g5EaNPOA+peQn7SNWry+P8BaQWZSrmrLGUUdoTkaKcAyDMb3xCDOleL7bPut2wnslhMJ9Rn5ljT5O7jiZdCwk659LpO7EW9NzHfafmyC8fMk9hXtJ9hET1Bp589X5y58VlQXNeksrVdP3X5X39Tzd/+WtLJzNHZk2k6oV91mMKjqPqGEqtq/y5SlO3Ec1DsJ6jfOce8xrBvv25n8daidtMramwPLeepSrvW1sd5w89P3lzH8c0cM1MHVeqv7q873wZxZ+IZ6Y5Sqzt3HpZx0Aytu61HpcHmPy410ON+tZgRRBXaowO8RqrqcqbPut2o3pV+0Eeoj7z5rEmVbcub9ZNYh2FY0mNraW7P1ueakd/D+jLZbzfZISx96+x3nzkHhOp80pQnpu36YjnUO839Z7hj7eKrStHGXQYcRNEGbCn3jcys19f0pIHfL1/k6TOA8ju37+g+vqz+6Ym3B9rR3/hAlTJXQiJgz4xlnpBBLJjSR0IYR/Jeqb9rhwLif2TB1JHfy7JxW72j+KqciT7uGpzVudb2c+SuT774rL1/PVqSPaRwqw7b0ylnDHo68jsN3QtJOieS2c8iX70/eO+U/14Y8yap/TxmhxLQFQvmUMdvZ84rqpe5xzknjtmO+dC1nw05PZv2k0dhxVD58/UL/tLHSepsdT0769ixpjKZdhnnbegD+1c0pA/V2nqNvyxmLIotjaWZL6qMQfHn8lDODY79824U/mcaq3EsdcE69G+1toKzimd7SX375rHkr4xRrnW5q2k6qss9+TOx8A1M21cWefjNFGuE/F0xRL10ZOj1Nqe6hiISMQ2ON8BZn8tr9X+UVw95zbTXnr9Zq773ri66g1Ys7nrLZHneo7t/h1js/T0V++bbsef08xclmSthQjTfjWfjmx/iZy09OcjGVfVtpOnZF/+XOvnWlveHUuanjyU6P2a/bzxhWtzwFrtQDfi9sSlBDBZ8Aq2j5R6FsvsDiB/MaUWlj/WxMQ20vtpiSdPz2ViksOxmBz5+wfzkHkgtG0l1DeviX7SJ5K8hVztH+WnRl0LQQx+nZq6TVfO9sz1qc+b4B4vdUxR7jvWZISNx8uh20eNHs+EayFBnDdfTbuD1kLcd2rNeGPMmiczfuX8kOojJKqXzKGO3o8WV7t+W7nzGedpjDkXsuajQe/fH5cjpd2WAfOXeZwk5z1zfxUzxlQuwz7rvCnnnGQ/+XOVxowlVNBnOKdV7Np+RnZd2XpejGZc7tqL23PyMNVayVyP9rWW6+BY6WwvjK1Rz3k9eTya3ERjDNdg27/bRrSmzH7Za2bauLLOx2miXCfi6YqlHWtejvS24ljiNetLy1lLYh468q2vuwCzvz6/ibnxxhrUEZQ51HKqy+Y1Md4SN//V/6M1kd43Ine9JfLsr4WOc4Kl6s89vlradZRux19rubkM98sgZ6471l5Nfz6yj4lkX/5cd635uC99Hjwy17zerxl/kPc6jrquv34mRzHieufTBh/RsaA95n4A+fumFrw/1oz+OolPNHou43oVwVjchdESzEPmgdB/cPaQ2D+V19z+9DHWeGvBHHjd60XDrG/bR+b6TLfrHi9mLqr2U9LHVhPMZYPbR42+jiZcCwmScxkyaC3Efaf68caYNU/p4zV3LFG9gceJ3k86rgbTT7tvnKcx5lzImo+G3P5zyJ2/oM+G+DjpnI+M/XW6chm3rZ076rJUnvLnKk3eWMI5Tc29h5njKL7EObnFxGT7m2qtxLHXhPlPr6nwnNLZXu+aSNAxRj3Xwbxlv88NXDMziavvfJwmynUinq5YmrFm5ii1tsNYso6BJIl5GJzvALO/Pr/u3Ex+bqviaGLMXffpdt381/+v209Jy01D7npL5NlfCxljS/bn7ptux5/T3FyG+/Vh2u2b6461V9MfX3Zcyb784yI85tKYsXTWzcxDid5vYv9mLPnz10faiEeNTxl8hD8BSbIOoFQsLqn+/PJUO2F5f39dxLHo7SViDk4G+sEQzkPe+Jv9Jl1cqQMudQLLPJHWbwZ6vr3cJdqr6/T04+2byleAGW9UL3niccgce3pO6hiHH5O5ayFBbtyJHOjrNe67c103Y86LOfWGkSoPierlzK9D57z0HGv+vvF4R5nzklSu8vrPG2uKvPlL9VGP0S3X28vfXyccs0tq3uLjqIpNPb7y5ypN3liiOc055jvP/UPOhdOtlbz1mKoXl+fWG0TH+UNfm8G8JeajjsktH7hmpo1raH8BUU6neQ/JzFH2/OYcA0lSeUmt9cxjwORHz7fbZ6q9cP40/NhT+Qqpz2NxPX3uXFK50sism1hHuWuhJdWfX54aY1g+KJedOXPJnev+NdYbX+4xkTqvBPvn5qOit+/8Na/3a/aP8m7KpY2Jzwc+jhEvgzMdxkE5HU8cfEy9v35wNGWZB1CT3KDfmfzaYTXhZZk3Vr0/N49p6n3dg1nPZVyvIlyAyoKsT4J+fPH423peH2a8Wr9RWYSSvwol151vIj51nGF+SqJYlZyZOu7Ypb1wTYUnuzpfPeuzpI7NzavJQd86UOYtRbw+pjsm47XQttc/H7au1o9Tljh2wzzXxPOmzXkcty3LO4+47dv9euepJI45tc4TmDXYxqjNn5SF68HUa+rEearHMcmc2xznzLm+v5Dbf3ysGsry3v4z5y+ORcuzrZczFn3/JOo5zbbRv5ZrzNqKchrPfY2pn7GOm7o9Y0nnIYxJym2ZqeO2bfIh+bNrX9Zc7zlhirUSxy6Y2LwcKbmIjtMSrawilfeyvHcu0vMQn2uEsH792suFidNfU9q4u5g2Lpv/OF9SHufQJ5q7qd5DcnOkjLlZt0OPgRQd86Csr2p8UT8K6vlGiGNNH9Ol7NgllnDuq/iUfGn5d8tsDjPWho8ybx1krbfEOqr37R/bYB+hzIuN0287L5f6ek9T99Uz14JZe36u3b778hGvsxopd8rU/Ju2lXjCeZLxa2V9OcnNQ1xPUObVYuIcMiddlG2ZoEq5k1GfCKwk6XHSBgevYQ9WT30TaPt2DwbBSbJVGIdNYGp7hRmrVTlmfaxhnmr1n0Dq9uODNGw/rlcRnRjt/m0MzWMTwfjieok+whxUCvOdIJhTd+7CfPXnqkbLs1W4NqI11cyfE3+4DkTaWuhbn4Ywr97JJYUyj13M+pj0Y27by52TaMwid9yJY7caR5TruO+6Xv13rts+4txX5MxTUEf60mOJUesF7UXrMCDOt5mXaP7aNit5aynO0+Rz3nX863hr0LQ9pH8bvxtD9jGQOX9ejInjRNDGEpV37J9GGWOUB5u3xNibsdZ59WMSufuZ/pQ+YvLGos9pvH4qKeuz2SYxmXNtc3zknnvDtir1r5Vh69GUO31ox7E/br/teG4yj6fE+aNqL4pTmbdgf9mmryk/j72xTRuXEMZWKV5PIdHcmXbCOemKxRvfhDmStg+o6yhcC0bh+FU65iHKV3+uKtQ8G0X5MXlr6kgOwvkL8tDUM5sd8tZ92F7/8Wv3yTqGLH3rLbGO9LUQnxOiXIbnMCXXYUwyHn3d9ucytV8X/XNtUHLn574/H73HRGKdanPst2XmMPs9IyYnD3Wf4TGXes8oSaynSen41XRYDepFOasFBQBbCY5/AICQ6uJ8oPkBAIUZG9dFoxv3ycGIrxLyqVLwadgkn7QBwBaE4x8AIEDufAV3RbeZcQBYKNvqeJrgiY0eMOKrxBSPdwDAFofjHwAgQHn0thQmHGBGbCMjXt8Nz/mKRT4YcQAAAAAAAIARwYgDAAAAAAAAjAhGHAAAAAAAAGBEMOIAAAAAAAAAI4IRBwAAAAAAABgRjDhEzPpv5K0Kdd7Mr67ya9SrhfeL5Bw7/cz+T4B4bIVfaV2CNcO5HrYSY/+5Rf68IwDMm5Uz4it74WEu+twL09SbzFLnSBnHUlDFNds/aTAt87qI8D5wCBQZK2OI2jq566o2arKPPtftdrfPdGzTzU2Vy1R7/M3ZCVgGI27+bNEiLrRHXjNb8lwPEDC2MZ6mvwM7ywvs8gpb07Icb0f2+XGtl6+7sGPKei8t66yXdWd6jjNtujGvlTEBbGXKZbxaYMTN65IteXG2pEZ87AuEHOYVU/b6MGbDNVtVTFlrqzXa6hjMOhDFRjw23XW/035QoptHzMwkrLYRH3vNbMlzPUDA2O+z0/RnTWt4bG3u0MvHpoqjVO7YXNO+MCNusLFw3oLtQLmUVwsuPFq4OJsdVS53LlfG5nXRkrs+9P5zDZipt3NDMVS1gbLbcoz4bD7A6TDiI14cbg+WwYgvjrHXDOd62A7M6z0txTT9pYy4NZHTfSg8HVVsA0x4Y6oXfUfcgBGH7US5lIX2oqg68ZT/r2XeoM1FTVMeGg7n7lQr/c3db7/sc4d+IVBfIDh1I5Nj7ma4dXrueEVtVpK+6/FrRqrep223OTEHY1YvKMO85YyzVPfFqRm3F2tGWXBhGs5DJfOG016cmbxYKfnRUPOc/WbWM6/hBba69mr5eQzGMujuaByT++ai5bLrzadZQ+Z1jTKHzVjD/vVjy6Vrfmu6x9RFuz66UMZTkSoPCc5Jbv1qzsv5O1jnx53n8HhtmJMRH3b85p9nhHAOo3ZtHoKx5s1PiXrshPu1Y3bH6uYxykHv3ApxLisyzpkVYezh8RSeJyraNW/Lo2PR2c/PvxZHeAytl+9n5b8957q+NdM772qM6fNZ2F4lE2O7VszatErMYW9sGhnxdrVbx6iNTzuXBOOI9utez31zU5G7RgOqMUreg7Ubtt/Uc/uJzn/t/vp6C9emKIgzYxy9+dDOIVnHf4ruuNXclIrmSMiap8z+zOsKO2Y17y1DjLh7t7mRYpS1etHj5GW74ePbXgxmu13zOWyU9at+yn2kvdS5pkGJQeT2afNj1fdYvEvKiNs4w7aremFMZR0PM7ZQYR8VYd1yrtSc9s0FQEm5LIT2zatdSO4JyjmBmZObt+DKE5P6ZuKd+Gx7/skwrqeVmfiaE7xpKzgRyptG38mlfmPx+xP0ctOP88ZSx+aX2RNzmJOwLBxX3WdwoSD57Xkjq9pxx9684cQ5a/pX5i1qx9C++Trtmf3VN7yAeB70+YrJmFdt/QXUeXbyqsSu5l4lXHslqbntHV+NXjdea+28unHm5rIrprwxpWjXh6Oon7oPbb3k5crZv4qtzUG1v8SePa/5OetGH1PdZ3xO0dDrhnOvxKsdf0FeLNnxlPuHY6lyq5xHZI7DukKyvru2VJRcpo6rYCzxHKfz1bZl6gRtRWuxOeaUfb31Y8bplWn1dDrXgRKPlyc1xm6icRrqOKQtJxatz9zYNDrjzWg31U+4/pV68VpJr+e4bom02XOe1NaoRl2vVFZ7pZLz1bP21bUp7Tr7ZYyjNx9KG1XfStx59Met5kaLI2ueMvtT+upd8yUpIy5mMTSBYiz9PJZmN3h0XDPwldFz2yrbkDr+uIM4TJ1N056rMFahisP2Yfd1Y0ghsZV1w3EJ0WPxpm6uGe8y4lLu9mm/CuDV12Ir/x/2r82h7TvcN6cstSZgtSmXhFCfkPQ3psTFQt+FVnXCCk/8wUm9JOojUa8uN/XMG6636DPRx1Sivdmbk65/IMUnbsEv1/Npy+v2MvOoEeSoGtOOdT8nYR6VnKXGMtW8J0jm3SVnXnvq1P2421Nx1+V9b6ipuMPyVC419LpKnKmx5uSpZNj8psv7MRc07r4mRi2/VVy9/bjHkJObql2zrpU+7Pxr6pvrfoacJxNoeQnPM+GxawnLE/Umn8eSqM3UuaykM84h8yt0H6dteSqeoNw7RkwbSkzRMeLt1xLmNJXj3POAun9nPp3yRIxdDDsXxHORGm9V3jfejnhz29Xi98u610+7XlLrJ7W/S/fa65uP1ByE5al6ff3b8lROW3LG0Z+PdJyT0R93qs9wPDnjm6C/6jjU2tUJ78q6yjl2Q7PpGeIEzZ3rAClvx123G9azhtXNRzUG1zCXbUid6BylUdZRjXiqjQFtdxnxcFypujn51GJSc6yMNWcuAIRySQj6iUs/USVO0ObN1r3wdS8uUyftsI/kyb1q316M1PGqFy09dJ18w761WLLGkbqgKvdyLwqqtspx5J7YG7wLm7bNqj0zL1U8bpzKxVDWWBrMvCv1Vcyblq+++cqY146LumYNumuzo76bL52Oi5FgjlO51NDrKn0lY09daPhk92NJrtsMzHw3sZrYtRiruBLHYEswxqr9jWLTXddKH/Xa1cZg1lbu+lXR8951TtEI56XvdUO4HhLzNSge02Z4rLZrLr3WuuPsW0dBu+HYHLx+kms0WNdOe9X+iXxEY0jE4a+r9DGUzEmANkfd+XRi6shVilTb+lox42vq950zetZaMt4B7UbzPnD9NH30rOfEtoqetZfcz5A7B8l1kLX2O3JqyRxHXz7quHv6yiYj7hI9N/WcNvtmjW9gf2Z99c2xS/LuZxmXmLbcR6PtOGx7mrmrMPvH465Np92vLy5bzxpYr72OPiJMe+ExGZl7S6K+xtyMuIlB6rtqYkqNP4w9Va/EnQsAoVwqgv7m1Pkm7ZzA1BN2dTJs3xhTby7qm1C5X0rNQjcnRm97xhuCPiaDG3PixJs1DtNOUk2cJpfe9kRsHu4cyNyZN52q33r/Kk43H8qFSu6c1Jg+lfo+7Zjcvuo2tTfHgL55VcZRY/sN4tbac9U5HjfPAUEcqVxq6HWVvpJjTV9MumT3Y0n2l0MYUzrGvFzp7cmcNfGZeN0+OtdZcE4ajj6mznOKRs95Jp2foP+qnXisufFU/YTjiXLUM4/ltpS68xy027H2vPEkxix4eTPtNfFo670kynUiDn9dpY+h9Nz5aHOU3jc/VylSbetrxYyvqW9e21xG6jmvJ+Md0m6dgybn1Tpw4g7nO1QzlvR61uNx+jDHRlKJNWbJnYPkOsha++m12ZA9jp58lFT9ett71kKSjLhL9Nxoa8PGo6iqN6C/Zt9hY0sa3pLQ5Nq70e4xohlhW89V0365b7jNkzGdKWMqiJG19aSv6Jg1fWTloawzyIiXpO4ih8zDiKsfdJjxNmNIjT8cq6mXlNMvQLkkBP3NqfNN2p7AzBtg9MZmToZ2YabeXLLfhHqo20m9wbboY7K0Y0vVyxpHxxtmJ/ZiImP8VX9ST/pq6tfzaH/cyzsBKhdDuXNSY3LTF1sw75a6zeE5qffrvwit3zCV9hP18+h4sw7meMi61esqfSVj77qYbMnuxzLpuhVMrG1MqX46+veIx9isefM67tPUSY0hsTbzGXKe7KLNgbZvci2F6yExX1nxKLmriHKUXmtD1nxM0G5yrQf9JNdosK5Me9V+ZkxZY0jE4a+r9BrOzclU896RqxSptvW1YsbX1M89ZhMk4x3Wbhursl92TvLOnRWmzSYPybWXR+4cJNdB1trPyOmk4wjzEVHntvfco5K3FvTcmH7tvlnjG9Bf2Xb7g6n5Y8s24uWalf/H5xynjkZZXt29tabWtNM3r13thkZc6nWpMxcmvnBcS3lH3PQdfQgQzk0qx2HsqXoACuVSEfQ3p843aXsCS70BmosfW663pZRP/GaXd2JNxWGpt9cn3/yLz7DvAW/2AX3xNVR52ig2ynjcfur45PviQQ6VeUq94esxmDEm34QNifmr25zBvGrrzaw1Pd956yJFaj7C8lQuNTrz68bZeWz153LY/KbLs1Bi0vvPPTYy6pn8uHXqMSRyk5m3NEPOk93U+5T50caYijMsT6yPrHg615Zb3jEPU+UzbDd1nIblqXiC8mB8Nt/hftEa7cxpO9bUsZV7HlDnaMp572LYucDk3KmftaZSdMQ7qF3bzj6tvdzzfMd6VvDjG7ZviD4HcdzpNZS39vtzOvk4etue4pyQsxb03NTj6T9H+Azvz/TTs48lx4hX28p1LP8Pc9ZrxEtCk5l1R7lsTzWdprzzvJKIVSXVXqqNAW3Py4inYm3KU/WU8qy5ACgpl4qgn7j0E1X4xqG8AZo3TO2CTq/n9mHaU/s1ZbJfeDLueLP3iC40Q+zJVn8z0d4I6jz59euyuB8pr8tkPGEfSi6TJOI044verJT8aHELnfMevQmGKGvJxtT3Bp0zr9E4lHUVYvqP3pjL8v6LEaV9ZQ2lL54Uov3tmg/6Udd0xngNqfnNHZOO7BusDRNnFJMpd3Nc5SlaWxp1jJ3zo7SfHLMWYyruJHpM+vHSh5kDdX6UY00Za9OGE38di7TbF49yrrH5KBUeX/o82HWrnSv6+lfaTR1XQfvxHKfz5bZlcxO137OfEPWpzYeJP+c8oK+ZzHlPxNhFnLOa7DjMfMVjK8v7xtsZ75B27XrT6peY/EdrtSxvy5R1VyFth/kx/SnHl7Y++uYj99qh670krp8/V+6vgfePoz8fEme4f3qMOeu1P249N2a/wfM0SX/6PhpJI172L+WuSYtMm6kjsrGIcfTnIzCTJdZ0xuP2y2xsbnsSQ+qR8QYTVxhHiqpNJz5LFbfbV9meGNlc4zpzI14SvrYxhfnU5rXaN6iXPxflelLOzbA6lMtEqE8u4ZtTfTJLvEm7F3BmfznxVZKTlHphH9c7oPZh+3bqipo+TQzB9nDBp/DbzhlfS33QhIrjrzAXIKm63WPsw8QZvSGYHIftJC6GvPGYtjrnPeMNKBp3GUvdZt/JJmNeg3GoObTychCsvUq5J784LjWPObkx+HFLHMq6U9ePdhGZRpvfmv4x6ehzlIwpGkPiWInQz0kepm23Ttd6iNqysWUcc/Fx364d/XjpQ5nvgLBPNRdBfqVOfjw55+3+eVBz3pvTRLu568WaXqvw2DPtqMep1DfxRcdtYr96jMH5Ioy1bDNqL0HXHPXOeyLGPrx2TYx6HGZtKuMIYxN1rY2KjHiz202Z7Ya+83x6PWev43DeK/Ufb9oYtf2qel1rqG/tVyjn6bBezzh68xHGIYpiSa8lne649dyYOQ/nKmueJuivabf7+sEaNk3RsVC2Y01fpXJfa+Ta9xlnu1MvImzLKFxnUXtaWyFl3FK3a9weQSzuuMP8ZJlwbWxO3NMYcaH64MBKPigw4w3nK4x9s9wucfXOq5EbS31e6F5LsL0pl8RiqU722SfpEei5aOh9kwSYFT1rEbYwzO22pHp/0MwbrDwree1gznO9H9YAbGWM4cZMwySMaMTlk0f9jsIyXYz2vVlixGE0MGvbFs4jWx25CxfcXavuEHJnA3RW8pivjon+pwW2E5/+tH/3E20fCXKHPbzr7t5d1/bTJOsEQCiXw1gojwCVWiqTkfHpLRfQMBoY8e0Jd4m2AX2PQAP4rOK1g4yZ8xxsJ7K/IgCQyYhGHAAAAAAAAAAw4gAAAAAAAAAjghEHAAAAAAAAGBGMOAAAAAAAAMCIYMQBAAAAAAAARgQjDgAAAAAAADAiGHEAAAAAAACAEcGIAwAAAAAAAIwIRhwAAAAAAABgRDDiAAAAAAAAACOCEQcAAAAAAAAYEYw4AAAAAAAAwIhgxAEAAAAAAABGBCMOAAAAAAAAMCIYcQAAAAAAAIARwYgDAAAAAAAAjMjaZz/72QIhhBBCCCGEEEKz0e23317cf//9xnbHYMQRQgghhBBCCKEZS8x4Ch5NBwAAAAAAAJgh1oynwIgDAAAAAAAAzBCMOAAAAAAAAMCIYMQBAAAAAAAARgQjDgAAAAAAADAiGHEAAAAAAACAEcGIAwAAAAAAAIwIRhwAAAAAAABgRDDiAAAAAAAAACOCEQcAAAAAAAAYkZkY8SP71ou1tbWENooDph4AAAAAAADAqjNzI76+74gpLTm40RrynZPbcbf9jYOmcAJm1Q4AAAAAAADApMzXiJd0bcsFIw4AAAAAAADbhbkb8aI4UGyYbd5j6vdsFutNuS/XJB/Yqddp2ppFOx137mPzfqTY3JHYV6Te+XdzYLVebN5jNgMAAAAAAMDKMIIR901wY44rA+1/fzx1x7rzTvZM2gnMtSn1yndslq+CMpE13u4HAq4Zb4x6227neAAAAAAAAGBbM7oR73483blz7JjZ4cZ1eDvqNsdct3GnTLs7TlvexuGPW48PAAAAAAAAtj8LNuLB3WVXzR3obgNdM4N2lDvabX33MfK0EY/aDx9b1+TEBwAAAAAAANuf0Y24NcDuPq0Zde4UZxroWbUjNHGafZrX3l3rfCPuvtbyAgAAAAAAAKvHCEbcMcWNcU2Z2aEGelbtGJo72HIHvG0jr0/HuNs76M4dcYw4AAAAAAAACPM34qoZ1Y3ycAM9q3Ys7X7rO0xdr10hZcSVcvdx96gdAAAAAAAAWEXma8Td70gHP0oW3T0ucdvxjKv6o2k1s2rH4u2r1tONeMrke+1pj7jzY20AAAAAAAArxcyNeCz/8e0W19DWWt+3mbjDXRL98Jltd1btGNy72GrscX+t3B91c3Hu0AfS78wDAAAAAADAdmUmRnxb0XEXv0a/Iw4AAAAAAACQA0bcw7/brd+txogDAAAAAADA5GDEXdy74ckfV8OIAwAAAAAAwORgxAEAAAAAAABGZGojfvjw4WLv3r3Fnj17EEIIIYQQQgihlZN4YvHGuUxtxKXDo0ePmlcAAAAAAAAAq4V4YvHGuUxtxMX9AwAAAAAAAKwyQ7wxRhwAAAAAAABgSjDiAAAAAAAAACOCEQcAAAAAAAAYEYw4AAAAAAAAwIhgxAEAAAAAAABGBCMOAAAAAAAAMCJLasQPFBtra8XGQfNyDO7ZLNbX1ovNe8xrhyP71ou1Mp5IOzaLI1Lh4Eb5eqOMOvg/AAAAAAAAQABG3NJnxK3p1sCIAwAAAAAAQCYYccs0RtwFIw4AAAAAALAyXHTRRcW3v/1t86pFyt74xjeaVz5b1oh7j4uHJrky1fYRct9cH9hpy4Nt87oj3hELAAAAAAAAbF3EhIvXO/bYYz0zLv+XMtkmdUK2phH3zO6RYnNHaXJ3Wusb7BuaZMdQV6bc7tdnxCsj7cox20kj3hELAAAAAAAAbGnEcB9zzDGVR7Rm3DXhss016JYtacQ9Ay0kjXAXgYGfxx1x+b+3X91n151+AAAAAAAA2DqEZrzPhAtb0IjXZnZ9n2OLHfPbaZqDx8TX52zE9TvpQewAAAAAAACwpXHNuKjLhAsrdUc83G/Qo+kzuSMOAAAAAAAA2xFrxvtMuLAljbhvtnu+I+4Y7Mp4W2Ns747P04irsXSMCwAAAAAAALYsYsD7TLiw1EbcfZy7kmOGvce+Q5NsTbZRaITtPgdcgz0XI14SxMJj6QAAAAAAAKvNkhpxAAAAAAAAgO0JRhwAAAAAAABgRDDiAAAAAAAAACOCEQcAAAAAAAAYEYw4AAAAAAAAwIhgxAEAAAAAAABGBCMOAAAAAAAAMCIYcQAAAAAAAIARGdWI7927tzh69Kh5BQAAAAAAALBaiCcWb5zL1Eb88OHDVYfi/hFCCCGEEEIIoVWTeGLxxrlMbcQBAAAAAAAAIB+MOAAAAAAAAMCIYMQBAAAAAAAARgQjDgAAAAAAADAiGHEAAAAAAACAEcGIAwAAAAAAAIwIRhwAAAAAAABgRDDiAAAAAAAAACOCEQcAAAAAAAAYEYw4AAAAAAAAwIhgxAEAAAAAAABGBCMOAAAAAAAAMCIYcQAAAAAAAIARwYgDAAAAAAAAjMjqGPGDG8Xa2lql9X1HTOG0HCg2TJtraxvlK1O605atF5v3mMKJOVJs7ijb2rFZ/g8AAAAAAAC2OjMx4kf2rRvjOUuTO2OGGPF7Not1U1eXNdjzM+KS0zrOwIjLOHbangAAAAAAAGCrgRHXcI34BHeipzfixnxXbWwUG9LejvJfpwwrDgAAAAAAsDXBiGss3Igbojvzs3jUHQAAAAAAABbJQox4a1RbbRw0GwPctuP67qPhvqI45mLE/TvXWY+mO3E0SvYRjg8jDgAAAAAAsNUZ2Yg7xrL5nrNWJugm15a3RjwwpynDvQRGvClvxtk9RlsePZo+wV16AAAAAAAAWA5GNeIpg+rub++Ma2V5OCbWNayTGnFNTbsDjHjTf/qDA3ecMv46TtOH7VPqY8QBAAAAAAC2LCMa8dTd35LIJHfUVWiNbyhn30mNeKfpzTfi6Rhb6XEFRhwAAAAAAAC2NCMacff7zmkjXj+23VHXxd2vqZcw8Qs14m694I44AAAAAAAArBRb+o64+gh4at+luSOOEQcAAAAAAFhlRjTiaTPq7m+/J93WTX1HPGXWl9OI5+YIAAAAAAAAtjejGvHSog741fTU4+m1+RVzrhl4/XH1kgUbcb9u8OGC6U//wAEAAAAAAAC2EzM34qoCM+ve7bZKmdBU27Z+1NbOzaW8I97gfVDgyv2wAQAAAAAAALYrMzHiAAAAAAAAAJAHRhwAAAAAAABgRDDiAAAAAAAAACOCEQcAAAAAAAAYkamN+OHDh4u9e/cWe/bsQQihbMl5Q84fAAAAAACrxtRGXC6mjx49al4BAOQh5w05fwAAAAAArBpTG3G5swUAMAmcPwAAAABgFcGIA8DC4PwBAAAAAKsIRhwAFgbnDwAAAABYRTDiALAwOH8AAAAAwCoyNyN+3333Ffv37y/e8Y53oJEleZf8Ayw7GHEAAAAAWEXmZsTFDB46dKh4+OGH0ciSvEv+AZYdjDgAAAAArCJzM+JyZ1YziWgcSf4Blh2MOAAAAACsIhjxbSqMOGwFMOIAAAAAsIpgxLepMOKwFcCIAwAAAMAqskAjfktx0dpasaZp/criK1Lni1cWv77268WVXwz3HahPXlS2e1Fxi7ZtbvpKceX6WvHrV35F2VZqzjEtzIjfs1msr60Xm/eY1wc3zLyuF298TfnvzgNmw5Fic4eZ76YMVg2MOAAAAACsIgs34hd9UttmhBGfWEON+JF968Xajs3SHk+JZ8Rrs72+r271wE7HdFcGfaPAgq82GHEAAAAAWEVWw4gvRD1GfM5amBH3qI34xkHz0kWM+Mz7g60GRhwAAAAAVpGtZcSr1+Zx5sig18bXbrvoDb/ePuLu3n2W/69fVFxU1U2Y/Kq+bcs103UfF73BbH/DLXW5Gpc14lc6j+A7d8CbmBTDHtwtv+UNdv9Sts8e6UbceRxc5N2dNmWNOQ7qOnev5c72+s6NYt2rb2juiMd9NXfE3f7cx9hh5cCIAwAAAMAqsnAj3hqyVo0594x4YNwDs/qVKx3jbdtOGXG3nUiyr2PQvX6M2W/6sfW1uOwHA8G+1kg77fqxG+Nt6mnjyrnLrhnx6q53831s/251eEdcq+s9Yp56rJxH02EAGHEAAAAAWEW2zh1xMa6eAa6Nbb1/fFfZM7CumfaMdb+qdgIz3XX3ulVc1zXY3n7eBw6yX3hXPTGuDiWNeOIOdPej6QeKjXKuVEMdghGHAWDEAQAAAGAV2TJGvDbEcifWV21S47YmN+K1+W3aL01xlxFPG+MBRtxsq+rKmJv2esbVIc2IC7UZt+NrTXlkxIPHx9dThjoEIw4DwIgDAAAAwCqyhe+Iu+oxyEOMeLjdex33k25vmBGvXpfx3lLG3e4zxPj7Shlxl8oYG/PtG3HfQHca6hCMOAwAIw4AAAAAq8jWMeJh/Wpb+9o3qHXdyY24/2h4pxFX45L9BxpxG3MQmzYuv39dmhEPDXRlvs1rzYj7phkjDrMHIw4AAAAAq8jCjXj7+LMrY0Y9I25ft/V8Q2pNc73/lZPeEffaKfv+pBuDZsRLBXHVpnyoEQ+2h+W2fWW7Jv2OuDHYTayOEa4MtFPmPppemmfXRHcZeow4DAEjDgAAAACryAKN+HxV3UnONK3bUboRHwHPiAN0gxEHAAAAgFVk2xhxuWvc3n3Of4R7u2qxRpw73ZAHRhwAAAAAVpHtc0c8eDx8le+GixZhxKtH1M2j7AA5YMQBAAAAYBXZPkYceVrYHXGAAWDEAQAAAGAVmZsR379/f3Ho0CHVJKL5SvIu+QdYdjDiAAAAALCKzM2I33fffZUZlDuzaFxJ3iX/AMsORhwAAAAAVpG5GXEAgD44fwAAAADAKoIRB4CFwfkDAAAAAFYRjDgALAzOHwAAAACwimDEAWBhcP4AAAAAgFVkaiO+d+/e4ujRo+YVAEAect6Q8wcAAAAAwKoxtRE/fPhwdTEtd7YQQihXct6Q8wcAAAAAwKoxtREHAAAAAAAAgHww4gAAAAAAAAAjghEHAAAAAAAAGBGMOAAAAAAAAMCIYMQBAAAAAAAARmQkI35fcdu+PcW+z9xnXm8v7vvMvuaXoPd95s+LG8t/b7zTbLzzxrL8xsK+XBqWNa4hDB7DYtbhnTeVa+OmYZmu1tS+28qIAQAAAABguzFDI35nZUDdP0/UmqRtbMSP3lbs27OvuK35U+p1HjDiI7AljXiwPhJgxAEAAAAAti+zMeKVIVIMTllel21jI95nBpfV8C5rXEMYPIZlWIcYcQAAAACAVWcGRjzH3Ng6t3l3zX0zUtdp7qZHJiS44+496hvsW8pruzJsiW0hQd093t3ugOpuuFtXTGH/HfHqDqm3Tzfuo+9+PDavd7bjTz4CHeeo7TvRTm8ugjkRdZnHzvZsDAPWSKWe/EV9OmvVzk1Tx8YT9OONycxvGWc79x1rpKS9I67En5gva8Rvc9dKWDdYf+0xmJhPIbkPAAAAAACMxfRGPHo0W8MakNY01eayfR1+j9Z/bY1FaDTq1+G+YrB8s+XEF77uoWq711y6ZrDbiIftDW7fe23z2j+eqJ8J2vHbMPs4eR96F1dtzxmrukaSY1AwprM18/66qff3xyBU/STXovnwwYkjjDNE27/zw6CSuk2nXjiWzteJ+exrAwAAAAAARmFGRrzDDFUEBkio9jNGwf2/xS3TDJdTFhk0B9nm9WtiyTYffWYv2t5lxGWbNs5U+0revDJtu4bSrxdXZjvuPkrcQ414bwzeuugbQ0wVj2eygz60/fvWYhVHsH60fRwmNuJeLv3Y47HV/dTb9fns3gcAAAAAAMZi1Dvi3gW/u1+f+dEMk1dWmxv7uG1o7tryVmnzoe2TNntxbIHRcrdXYwrbFqXypxkqt0zbrqDl14s71U5HLpQ56TfiHe1pMfStESUGF98AC0Ef2v5aP16ZZqS7zfU8jHjVZpNDR1U/Si5LuvcBAAAAAICxmN6IJy76fSYwWW6ZZpiSJqzuq8uQpHH3NfSYvXh7nxEPxtmJFr9bljk+rV8v7nQ/yVwoeek24j3taTH0rRElBpfRjLi2j8PcjLg3NhcllyXd+wAAAAAAwFjMwIiXVIYmvvCX8rqsx2SVhCbBfx3u776W//tmytu3is03SWJydCMUm6SqrQ6zF5u5DiMuL6W9yGANaN97reRVpa4X5rO7nb5c1NvDOUkb8b72lBi8NdI3BoVw7qvXTh9hbg3e+inxXyfGkRx3uL+W65g+I17nxo9DxlNvT/TRuQ8AAAAAAIzFbIy4YC7yvUdes02WYI2VUWRsagPUbHeMUmVa3G3hvsaAteozb23dG2/SzVpDZOYCoxZtL4sqA+rIGYuGP744Z3lGys1f2cZn3LgS7fTlwtu+r9zedUe8pLO9nDXSNQYdL3c33eb3ocxNTddaDNZhtD0mNPZeHhJz32vEheiYs7nqWBfJfQAAAAAAYCxmZ8Rh5YkM57Yk+KAFAAAAAABgIBhxmBGrYlAx4gAAAAAAMB0YcZiY8BF79VHobQdGHAAAAAAApgMjDgAAAAAAADAiGHEAAAAAAACAEcGIAwAAAAAAAIwIRhwAAAAAAABgRDDiAAAAAAAAACOCEQcAAAAAAAAYEYw4AAAAAAAAwIhgxAEAAAAAAABGpNeI2woIIYQQQgghhBCajW6//XZju2Mw4gghhBBCCCGE0AwlJvz+++83tjuGR9MBAAAAAAAARgQjDgAAAAAAADAiGHEAAAAAAACAEcGIAwAAAAAAAIwIRhwAAAAAAABgRDDiAAAAAAAAACOCEQcAAAAAAAAYEYw4AAAAAAAAwIhgxAEAAAAAAABGBCMOAAAAAAAAMCIYcQAAAAAAAIARwYgDAAAAAAAAjAhGHAAAAAAAAGBEMOIAAAAAAAAAI4IRBwAAAAAAABiRtc9+9rMFQgghhBBCCCGEZqPbb7+9uP/++43tjsGII4QQQgghhBBCM5aY8RQ8mg4AAAAAAAAwQ6wZT4ERBwAAAAAAAJghGHEAAAAAAACAEcGIAwAAAAAAAIwIRhwAAAAAAABgRDDiAAAAAAAAACOCEQcAAAAAAAAYEYw4AAAAAAAAwIhgxAEAAAAAAABGBCMOAAAAAAAAMCIzNuIHio21tWIt0Pq+I2b7anBgZ5wDTzsPmJoAAAAAAACwaszMiB/Zt94YzY2DprA4UmzusAZ0vdi8xxRPgN7+/JmkX9eIjxnreDgfuOzYLGcZAAAAAAAAcpmNET+40RjP+G6ve5d8o3w1GRjxZQIjDgAAAAAAMCkzMOL9d71VY3rPZrFuzZxr3pXy9KPextg7HwSs7zvgxCMKYpplvwmGGXHtcf64/bZNGY+T8yjWYLtTJ+wr/MqA+6GDLyceN0+BVu0rCAAAAAAAAJMwAyOeccdbu2M+wBALnXem3fYd4+2b07pspv0myDbiTtxNPa2sxG3Tk4nV327GG5nmen5SY6rK3Zx4H7K4c8sdcQAAAAAAgEmZ3oh7Zi/DiFvjNktD7LTv3ZV12mrKZ9lvgqRpNqrbSZlZ3fyqHyo46NsTfWh5SaF+MIARBwAAAAAAmJTtbcQ1wzjLfhO4Rjy5TyqOEs1Uz8uIh3172wK1ucWIAwAAAAAATMr0Rtw1ZTlG3Bq/WRrirWjEtZwYtP3nb8T975U3eVRzixEHAAAAAACYlBkYcdfA9ZlEx5iOYcS1tmbZb4IsI56Ko0Qz1XM34ql4MOIAAAAAAAAzZQZGvKTj7u4gMyhMYohTRlwrn2W/CbKMeNLMjvsd8WasQ3KIEQcAAAAAAJiY2RjxEt2wdt0t1w1n0tQ75tEzisIgszjDfhPkGfESp8+mnlZWMncjrtZ1c+WPv+0v8XUEAAAAAAAAUJmZEa9xzJyjtIFV6u9YV+9MV7hmuZIxgVG5o7CNihn1myDbiFdoOYvbn78RL3HLK5Vt7WvH7s+jb9Lj7QAAAAAAAKAxYyO+IByjjBkEAAAAAACAZQYjDgAAAAAAADAiGHEAAAAAAACAEdkeRhwAAAAAAABgizC1ET98+HCxd+/eYs+ePQghhBBCCCGE0MpJPLF441ymNuLS4dGjR80rAAAAAAAAgNVCPLF441ymNuLi/gEAAAAAAABWmSHeGCMOAAAAAAAAMCUYcQAAAAAAAIARwYgDAAAAAAAAjAhGHAAAAAAAAGBEMOIAAAAAAAAAI4IRBwAAAAAAABiRJTXiB4qNtbViLdSOzeKIqVHcs1msr60Xm/eY10mOFJs71or1fc2eW5vscc+KGeavij2e17Hm5si+9bZfdy25zCu/BzfKfjfKlQ0AAAAAAKvOUhvxjYPmZUVtCNd2GiszghE/sNPpbwpm1U7FjIxiV0yVYW2M6qyNeBC7Mef+XM+Bygi3fevjN2sMIw4AAAAAAHNkCxnxEtfMzOvOpcNSGvEZsTRGfJbtdyDj7e1D1teO9fmsK4w4AAAAAMC25KKLLiq+/e1vm1ctUvbGN77RvPLZPka82iZ3M2u1pss1eub/Ozequ7B1Xd0ceY8xN4bVf2S+ic/c1Q37lP30dqbAHXdkbIO8mbjCeDtjcvNYmXGbv01n7EHOvH46TGwUb4lWlpxL8wGC3RY+Xp6MI7GePKROOS4tngblQwPPYJt5b2Jw8uTW8/YpUfr0xjmLdQMAAAAAADNHTLhcsx977LGeGZf/S5lskzohW8iIt+a2wjMvUt8xMoo5co14ZJwSRse/a+y2UxKaJ+e1f0c5bGdK3H4jA+fmrY7XN+Wt+euKSbsjns5ZMFehyXSpYpC2fPnz3DGX8v8gr60p7orDtHnQ6T8w8TLmqq0opz5dc1ttS62XcBxujoI+tfy34wQAAAAAgGVBDPcxxxxTeQxrxl0TLttcg25ZaiNujVoj1zx1GKbKyDRGxzUysanpMqTetsDICr4RtP1KrH5cXX0Mxh13lAPXjBrDHBhOS1dMfUbQ2zcwx7a+b64N6pzVMaeMpjeXlYFNtN0Zh1lPwZi8ubXb1BgdvO3STqpuMK5sI67kLxobAAAAAAAsC6EZ7zPhwha6Ix6gmJfaBJfmpzRHMzfixgRG8vbVTWW6D2MQjWS/1syLfONf4Y47Mo1h3vy8uGZuVkbcj7dVmIOKKN4arb+mHW8uS4J5sGPtjkNZT44ZlvE02xIxukj9ql2p6xpkL7b1cpuTB6c/7/+C16e/JlopawEAAAAAAJYC14yLuky4sD2MeGhsvNczMuJVf91mqKqv/NhXVx+DccftGTihK2/1Njv2rpiGGPEq164Z7SKKt8brr3MufWrzbbZ1xlGPITLiVf2U8e1Yf2bfA2X/bV7CPAWv3XGEY/LyosQKAAAAAABLjzXjfSZc2EZG3DcyrdFxDVFolroNqb8t3Nc3tq658o1sdx+D8UybFoPNW5hD3+DNzIiH/VTxJeZONeLaGPS5DPNa1W1ed8fRN6YGNcaQui/PTNtYbV7MXGjrQ43N6VNdP+64AQAAAABgKRED3mfChe1hxK0JqsxRWVb9KJe/rTZEsQHrNMnGTIVmr+7H2c/Ua+PVTdlMzFRgFGsTZ+PZrPoNzWi73RlnV0zNfmIcM3IW9KMaXCGMx8rLf9dcmr6bfdvyip44/Fy5fTpUbQTtKqjrxubUtO/Vqba1xt0dR/2L9H6f/jhdww8AAAAAAFudJTXikCTTKAIAAAAAAMByghHfalRGnDukAAAAAAAAWxWM+BaiebQ69Vg1AAAAAAAALD0YcQAAAAAAAIARwYgDAAAAAAAAjAhGHAAAAAAAAGBEMOIAAAAAAAAAI4IRBwAAAAAAABiRUY343r17i6NHj5pXAAAAAAAAAKuFeGLxxrlMbcQPHz5cdSjuHyGEEEIIIYQQWjWJJxZvnMvURhwAAAAAAAAA8sGIAwAAAAAAAIwIRhwAAAAAAABgRDDiAAAAAAAAACOCEQcAAAAAAAAYkV4jbisghBBCCCGEEEJoNrr99tuN7Y7BiCOEEEIIIYQQQjOUmPD777/f2O4YHk0HAAAAAAAAGBGMOAAAAAAAAMCIYMQBAAAAAAAARgQjDgAAAAAAADAiGHEAAAAAAACAEcGIAwAAAAAAAIwIRhwAAAAAAABgRDDiAAAAAAAAACOCEQcAAAAAAAAYEYw4AAAAAAAAwIhgxAEAAAAAAABGBCMOAAAAAAAAMCJrf/u3f1sghFZDAAAAAACweNYefvjh4rvf/S5CaBtLjvMf/OAHxQ9/+MPiJz/5CaYcAAAAAGCBrB08eLD49Kc/jRDaxpLj/Atf+EJx9913Fw899FDxox/9CDMOAAAAALAg1p72e3cXx++5FyG0jSXH+fN/9/PFxuatlSF/4IEHih//+MeYcQAAAACABbCmXbQjhLavzr7sM5UZlzvj8pg6AAAAAACMy9r+P7u3+MBnEULbWXKcv+GPWjMud8blMXX5zjgAAAAAAIzLmnbRjhDanrJmXB5Tl7vi3//+93k8HQAAAABgZDDiCK2Q5M64GHH5zrj8gNv3vvc9jDgAAAAAwMhgxBFaMdnH0+XX1OVPm2HEAQAAAADGBSOO0IoJIw4AAAAAsFgw4gitmDDiAAAAAACLBSOO0IoJIw4AAAAAsFgw4gitmDDiAAAAAACLBSOO0IoJIw4AAAAAsFjyjPi1lxc//WsXZOlZ7/lLvY2l1F8Wrz1H4r68uFjdPrkufpO0+/bitTfr27e7rr7hhuLcK+exFj5dnKmsO6tHn7a7OHX3rcUVh7R9l0ifOlRccNHu4rj1Ou5HnPLW4uS3Zcb98Q8Wz5LxvunT+vYeYcQBAAAAABbLMCO+vrM4/vRdnTr1sjv1NpZSGPG56LqrikeU62U+H8pYI35hcVy4/k67sOq3MrYvu6HYs6xm/OMfK05+YR3no192aXH2my8vTj7jwry4D32uOO/Mel+MOAAAAADA1mSYEZ/wwn95NT8jvtIy62W+RjwxZ4fuKF77stqonnz5XfH2heuu4o3nSXw7izP3u/F9pbj4TTt74979lrrONMcjRhwAAAAAYLFgxDHis9cijbho/xKv1w+9rzi2jO3YXQfibTffUD1y/siLEnGX+x5Xbn/umy/n0XQAAAAAgC3MXI14/Xh2aZgO3VXs3n1JccIp8rr9PuzV2iO4t91RvPFtbV15HP75F91UvPtTYd27iyuuva449aU7i0dKvVKPPHV3ceZlh/R2b7m1OPfVby0efWJd99Evu7y44IbPpY34zX79Qd/hLRU/mm5M/zk3FFfc9rnigove3sZy5qXFa2/4SlXv6v37m8eUf3p9V3Hy7gPKeMqxb5b1nLFLnp716v3FrpvvDuqWqvprv48seTp7/53Fnve8vXp95rVB/SnGXo/bl2fID91ZXPzOS4tnnWrGKI+Yv0LmIvfudb8Rv2bvpVXbJ7zzjmjb1TfcVJz5il3N2H76xAuL49X+TY7PbB93f+Spb0/nITNney55a7l9V3HeR/zyXh04UJz5wvrR9SuMYceIAwAAAABsTUYw4r9bnCmP3Iqhfv1VxdkXlSbbGMJjy/aucfe5rTRZ5ruzjzzjkuJFb76qeNF5u2oj9MLSeN1m636luPjNpty2++ZLi+daox9+z/bjNxTPrQzShcUJr77c/05uVe6bumvK8cqdx7b+VcWpL6sN2SNOu8qJI62kET99d/FcMVSnvL04Vcb36l21mT7x0uK8d+wu47mweG6QJ99Qto8w2zbc8fz0iZcUb7zV1i2l5NSO5bgX1u24Rnzase+5vIynNKTS7rHV95+vKs67zphcieU0E8upu+vYX99+IPHcrDvoHUb80N3F1R++qXiRjLfM564g1j3vKfMr+8oHHBdJ3tqxyaPiZ38ortvEGXyP+wqn3SE5u/gNJvZDXynefdnlxfPNBxLdH3aYOT9xd3GBrCeMOAAAAADAlmaYEe+Vb46au6OeiS51263FiyrTXJrG5k733cWuC+r6z73Ev5NpTZF9nFeMjzze+4iXXVe822330F2NST3uLYdMuX38fGdpOOu7zrVaQ+vFfdvNxaliDE+5pLjg47Zurav3XloZrugDBEVJIy5xv/om7y73u9+2q46jNFqvdfu89abi+VJ+1geLPbbso9cVJ0gbyo967XlHbYCf+1/aH8zbvaseY5jTq6+8tMqhbGuM+IzGrj+afneT7+e+43N+G5+61XxY4JthXdaId+iFpQm/JdjvQLnmZGzhWiwld9Ar0/xm+7j4geJMqXvmdUGOv1Lsev2FxaNPu6Sdp0E5s2vAfDh1ojXuHR8ilbJGv/nuOEYcAAAAAGBLM8yI9/5q+v5it7OfNeLaj09FRvVTHytOlj7E/AR1P3DoQHH2Cy8sjj+vNCli2F8v+5am7YNBPZE1XCfKXcfytTUtr785NpC2rmPEr778kirm51+mPSptjVRp9A6E23yljbhiNm1+33CrXy77nOXHd8Vlv1scf8qF8ePkotAA2/GdruT0s3cVF7xS2m6N+KzGrhrxA6VhlTGe8r5id2A0Rddcbcxwr7m0Rlz51fTT20f1H3Ha5b4Z/+D+4vhTL9S/tx4ZW9PHKWUb0VcifA3LmX1dKvzQxfkQyXsCwjzR8IjzPlZcbcsw4gAAAAAAW5oRHk3X73JGRtX8yav2rmRKnyvOO132de5ie7JG3bRtfrhLNWDNL1i3bdkPD054df3ocqiTz5Dt/Xdu00Z8d3FBeLdWM66V7D7aWO8urvnUXcWeD91a7LrsuuLs17ffAW/aMT8Mlpq3+vvKrRGf1djV8XzkuuL4jlgaoy7fode2N+p4NF1UGtp3yyP+Uie6o13rmtvuKq748IFi15U3FOfKVwDs7xE0sd1d7H6zfVqiNPwvvaR40e6bit0fdZ+oqDUsZ60RV427zUHzwclXiovfIHfOg68bYMQBAAAAALY0Ixhx14x2bEua0VA9RqyU2/YV5gfJUu3WdWMj3if1jrSjeOwdpnqQEf9K8e73XNp8f7yRfFf+pbWxbtox7Wo/WiayuQmNeJ/6xq6Op3cNmXmd1ohXusP8rW3/Q4Or97+veQS8kTwe/rK3xh9YiKGXPIf113cVp76nfbR+WM7uLC6o/rRa6sMMf77tI/On7g0+AMCIAwAAAABsaZbHiC/kjrit27ZVxzXBr1oHisc+GyN+xX+p7/Y+4qzLi9deeajY86m7iqv/1NQP2+m5I64b8enHro5nrDviRvVY2rFdU66v6gfVXri7OPeyA8W7by7zdsD8wnyPsb3m1s8VF192XfvDeqXs1y2G5mz3m01c12nby/l2vopgx9CrgcclRhwAAAAAYLEsjxG33xFXjVj9feZHy/d+b5vwO+KvvKn9jq2VfPe8uuPpGF1jTvW7yPWd1kefdqn/qLCieOyzMOL29e7iAqX/6O5/9Kizq/g74rMauzqemX9HXMljI5un9s5zPR+JNVPGWz3Kbvv+0P7ihNMuLE54x+fiuh/0P9wYmjP7p9XUvyNuf5zPHAPVL9Arj7uf/YbddQxnXFK/vlx/4iEljDgAAAAAwGJZHiNe/SK1lMV/xsr+arT9waphv5puvwe+s3jR3vbXxKtHvO13iV1Td+vHipMrI7+7eO1H/b/JbX+93fvhrITma8R3Fefe4NYr9dEPmj/R5rbj/FJ5+Kvp++2f3GqN+KzGbp9uON4zsrP+1fSEET90d7HnEjOvjumv5+OC4uQrg8e8m75L2fVtP8xRfqxNfm1e2m6M99CcHSjjlw9/yvrnmb8dX8lZu9qPG3ri0XQAAAAAgC3NMCPe+6vppV73seaO9jAjXsr5m9ePNn+DunkceH238+ehev6O+FmlAXMN+s2lWfLatX8TemdxXFXum7qrr67/7JT2d6H9ONKajxG/t3k0Xb7bXP29cSe2485Svuvs5vRM9++I27E7RrzULMb+gVtuKJ4r9U98a/U3uHP/jvgJbzkQ/7J9JGvEtV9N39X8YJ3Mrfvn6ppH051x2bX1iDJv8ifh3Kcx1Dy/wvwqe/An0Ibm7JoPvq84oRqzrd+u3Ue+8qaeR/NLYcQBAAAAALY0w4x4jhwzM9iIi267o3jjrt3F8fZHssRoX3RT8e7oz0jdXVyxub84+aXtn6x69Gm7izMvO+T9je5GnzpUXHBR+8viYkrP3X+niUMxxzffWpz76re3xi4Zh655GfHqTv5llxfPP1U+SJBtpSF9xeXFa6+9s/jAodKkisEL/wTcbZ/zxv7IMy6pzHEdo/L95inHXsX4zkua/Y9tnk4odejOYtfbLimeZeMvje7xZfwX3NBzF7iRNeK6HnnqruL5r7+u2HWzf3dadPX+cr2caQxyqWoNXHlHuV5Mnk/0/zRbVd9ZX4845a3FyW+7udij5WFozoL68sFEcu2GwogDAAAAAGxp8ow42pa6+A1iAnfHf04NbWthxAEAAAAAFgtGfFvrUHH2KfJ3sK+LfyDNfqc8vHuOtr0w4gAAAAAAiwUjvs21551vrR7Frh6rvqj+rnPzvfsT31qc+6H4EW60vYURBwAAAABYLBjxba/4u/T195dvKC5WvkeNtr8w4gAAAAAAiwUjjtCKCSMOAAAAALBYMOIIrZgw4gAAAAAAiwUjjtCKCSMOAAAAALBYMOIIrZD2/1ltwp/2e3cXBw8eLL73ve9hxAEAAAAARgYjjtAK6Q1/VBvx5//u54svfOELxfe//32MOAAAAADAyKzJHTLtgh0htH0kx7k14aKNzVuLu+++u/jhD39oTgUAAAAAADAWa/bCHCG0Gjr7ss9Ud8Mfeuih4ic/+Yk5FQAAAAAAwFisyXdFtYt1hND2kRzn8ji63AkXE/7AAw8UP/7xj3ksHQAAAABgAazJDzbJrycjhLav5DgXAy6Po8ud8B/96EeYcAAAAACABbH28MMPV3/CCCG0fSXH+Q9+8IPqO+HyODomHAAAAABgcazJBTlCaDUEAAAAAACLZ838CwAAAAAAAAAjgBEHAAAAAAAAGBGMOAAAAAAAAMCIYMQBAAAAAAAARgQjDgAAAAAAADAiGHEAAAAAAACAEcGIAwAAAAAAAIwIRhwAAAAAAABgRDDiAAAAAAAAACOCEQcAAAAAAAAYEYw4AAAAAAAAwIhgxAEAAAAAAABGZO2zn/1sgRBCCCGEEEIIodno9ttvL+6//35ju2Mw4gghhBBCCCGE0IwlZjwFj6YDAAAAAAAAzBBrxlNgxAEAAAAAAABmCEYcAAAAAAAAYEQw4gAAAAAAAAAjghEHAAAAAAAAGBGMOAAAAAAAAMCIYMQBAAAAAAAARgQjDgAAAAAAAMM4WBTr+8z/R2ZjR1EcMf+fCfeUY9lp/j8hR8pcbJQ5yQUjDgAAAAAAAMPAiHtgxAEAAAAAAGC+YMQ9FmLEj+xbL9bW1pIaEtCYaHGv7+ua0gPFRnZdAAAAAACA2XGgNIulDalkTfBmaUpt2YG6yCtbM6ZVyjZLw1kxifEsPZ3XpmvE3W22XbesVBWb9Fvuu+6WZeKO3Y6pas+WmX5Thtiad8mDxBC1Y+NW2vTKSnl5dMoXasRbc3qkHGRrWpfKjN+zWSbMxLYzf/oP7GzHI8KIAwAAAADAKIixtcbQIKbTM8Nmu5hN63LEwFZezNnelA1go3SGnnMq97d9u9uk7caoGpo4xbha8zsEJ3bBNdW2r2ZM5esNE5dst2XWaIf7VP/v2B7lyYnFrbvwO+KuOfXuOA8wvPPFuau9YzN7EQy/ew4AAAAAADAbNKMXml7XoFr35Zp1Wz740W7HqDaUsTTmunSNpT1q1Jhfp6ypG7aTQTh2G783DhtPSVVevpbcbEpZ+X+7v5sbzYgn23TGYo24W3dpjbhnWt070oG04DUTLAqNsFov+ADArZOdqIMbZp+N4kDzf4w4AAAAAACMROld3LvCgmuy3e2h2bS+R+qXNqbdZwCdd8Rd82rwPiSwdSc04uHYbX/uHWl3nNX/S0m8VY6cen1GXGvTM9mJuktkxN1H00sDa0orKiPul6UMcvs4eFxf66st0+98t+2tF5v7WlMd1mux7ZT1JckYcQAAAAAAWABiDEsbUsmaYDGDtsz6JbfMM+9iIp16gyg9WtNm2X7yO+Klat/kl01lxEu8MUn/UmjGU5U57VYfONjXUsfWL5F27Pg1I6626Za55cEYF2rENeUZVsc427vYmd/lbvtPmXtjoh3DLmXr+5R+vDYUg48RBwAAAACAJcY1mx6u4YSFMsc74iWOaY3vNvs/5ubJ1lUfYQ/urne146j+dML91XO/HfeH2OwnGU2Z+yEARhwAAAAAAJaYlBFv7gDDwpmvEQ9MsjW43h30xqDrj5J7dQP1mesY/464uwjjMbjtdslvBwAAAAAAAKCLBRhxt8w1zroRt6iGvKqXak/H+454pxFPwB1xAAAAAAAAmIIRjbg1vinD3W3EW+J62mPlSRJGOmXQIzDiAAAAAAAwMqX9aCS88Y3ta/m/MEmdHMJ9PvnJ9vUzn1mXaX3JNlsm+wj2tSgXbZ9lL+tjvkbc/Y648z1rzfR6d7ytEa/2D+5yO98bb/tyHyMPjHTVhlvmfDhg+8n8UbgKjDgAAAAAAABMwcyNuKb4LrX/yLpofd9mfEfcNfKe9LvWyTiUO+xa3d676QJGHAAAAAAAAKZgJkYcAAAAAAAAAPLAiAMAAAAAAACMCEYcAAAAAAAAYEQw4gAAAAAAAAAjMrURP3z4cLF3795iz549CCGEEEIIIYTQykk8sXjjXKY24tLhHXfcUXzpS18qvvrVrxZf//rXi7vvvrvRPffcgxBCCCGEEEIIbXm5Xle8r3hg8cLiicUb5zK1ERf3Lx1/7WtfqwK79957iyNHjlT65je/iRBCCCGEEEIIbRtZvyveVzyweGHxxOKNc5mJEZdPASQACebo0aPFfffdV9x///0IIYQQQgghhNC2k3he8b7igcULiyce3YjLLXn5NOBb3/pWFdQDDzxQfPvb30YIIYQQQgghhLadxPOK9xUPLF5YPPHoRlyej5dPAuRTAWvCv/Od7xQPPvggQgghhBBCCCG0bSRe15px8cDihcUTL8yIyycCoQl/6KGHEEIIIYQQQgihLa/QjIsHXqgRly+tWyOOCUcIIYQQQgghtB1l/a414uKFF2LE5cvpoRHXAkYIIYQQQgghhLa6QiMunhgjjhBCCCGEEEIIzUkYcYQQQgghhBBCaERhxBFCCCGEEEIIoRGFEUcIIYQQQgghhEYURhwhhBBCCCGEEBpRGHGEEEIIIYQQQmhEYcQRQgghhBBCCKERhRFHCCGEEEIIIYRGFEYcIYQQQgghhBAaURhxhBBCCCGEEEJoRGHEEUIIIYQQQgihEYURRwghhBBCCCGERhRGHCGEEEIIIYQQGlEYcYQQQgghhBBCaERhxBFCCCGEEEIIoRGFEUcIIYQQQgghhEYURhwhhBBCCCGEEBpRGHGEEEIIIYQQQmhEYcQRQgghhBBCCKERhRFHCCGEEEIIIYRGFEYcIYQQQgghhBAaURhxhBBCCCGEEEJoRGHEEUIIIYQQQgihEYURRwghhBBCCCGERhRGHCGEEEIIIYQQGlEYcYQQQgghhBBCaERhxBFCCCGEEEIIoRGFEUcIIYQQQgghhEYURhwhhBBCCCGEEBpRGHGEEEIIIYQQQmhEYcQRQgghhBBCCKERhRFHCCGEEEIIIYRGFEYcIYQQQgghhBAaURhxhBBCCCGEEEJoRGHEEUIIIYQQQgihEYURRwghhBBCCCGERhRGHCGEEEIIIYQQGlEYcYQQQgghhBBCaERhxBFCCCGEEEIIoRGFEUcIIYQQQgghhEYURhwhhBBCCCGEEBpRGHGEEEIIIYQQQmhEYcQRQgghhBBCCKERhRFHCCGEEEIIIYRGFEYcIYQQQgghhBAaURhxhBBCCCGEEEJoRGHEEUIIIYQQQgihEYURRwghhBBCCCGERhRGHCGEEEIIIYQQGlEYcYQQQgghhBBCaERhxBFCCCGEEEIIoRGFEUcIIYQQQgghhEYURhwhhBBCCCGEEBpRGHGEEEIIIYQQQmhEYcQRQgghhBBCCKERhRFHCCGEEEIIIYRGFEYcIYQQQgghhBAaURhxhBBCCCGEEEJoRGHEEUIIIYQQQgihEYURRwghhBBCCCGERhRGHCGEEEIIIYQQGlEYcYQQQgghhBBCaERhxBFCCCGEEEIIoRGFEUcIIYQQQgghhEYURhwhhBBCCCGEEBpRGHGEEEIIIYQQQmhEYcQRQgghhBBCCKERhRFHCCGEEEIIIYRGFEYcIYQQQgghhBAaURhxhBBCCCGEEEJoRGHEEUIIIYQQQgihEYURRwghhBBCCCGERhRGHCGEEEIIIYQQGlEYcYQQQgghhBBCaERhxBFCCCGEEEIIoRGFEUcIIYQQQgghhEYURhwhhBBCCCGEEBpRGHGEEEIIIYQQQmhEYcQRQgghhBBCCKERhRFHCCGEEEIIIYRGFEYcIYQQQgghhBAaURhxhBBCCCGEEEJoRLlG/EUvehFGHCGEEEIIIYQQmqesET/99NOL73//+4sx4nfffXdkxDHjCCGEEEIIIYS2m6zfPeOMM4of/OAHlRcWT7wQI37kyJHGiH/nO9/BjCOEEEIIIYQQ2lZyTfjf/M3fVB5YvPBCjfh9991XPPDAA5EZRwghhBBCCCGEtoOsCRfvKx74tNNOW4wR//rXv17ce++9xbe+9a3qEwFrxhFCCCGEEEIIoe0i14SL95Ufanv44YcrTzy6Ef/qV79afTld7oofPXq0+lRAgkIIIYQQQgghhLaD5IfZ5Dvh8n/xvPJaTLh4YfHEoxvxL33pS8XXvva1KgC5My6GXCRfWkcIIYQQQgghhLay5M63/Dq6/F+8rjyObk24eGHxxKMa8b179xZ33HFH1bF8CiC35OX5eCsJDCGEEEIIIYQQ2upyva54X/HA4oXFE4s3zmVqI3748OGqQ3H/CCGEEEIIIYTQqkk8sXjjXKY24gAAAAAAAACQD0YcAAAAAAAAYEQw4gAAAAAAAAAjghEHAAAAAAAAGBGMOAAAAAAAAMCIYMQBAAAAAAAARgQjDgAAAAAAADAiGHEAAAAAAACAEcGIAwAAAAAAAIzICEb8vuK2fXuKfZ+5z7zeaswp/qO3Ffv27Cn2iPbdVvYC4+DP532f2bck+b+zuLFcCzfeaV/eWK6NG8tSYasfQzmswhgBAAAAAGqmNOK1eajMpCoxEtvMiHsGaVJycpLI7U3T9TyIaqy2733FbUdNecCdN3VvXy783GPEl4VVGCMAAAAAQM1M74hXhiwyilv9AjuIfyZGPDBdKkodcxe9e7/ZUM1lhkGtjey+Mq6tacSXFow4AAAAAMC2ZUQjfpt3hzc0k/VdVasuo2vbu7P6t6pv+3Qf9y7lX9SHd5itcYwNr3+X1DEIQfuitCmu92vqBu31t6GZdScWoTee1Jhrkjmv2u3/sKHJU1U/w4h7d9jdWO24hqwRt79gnOEaDPoV2Rzqc90VRzx/6fUazFfn62C+BxpxPzelvA9RTNvluNr1EucvvV0Ixu22H+XX3dfGrhyvHrbepOcJm792LTT5Sq47AAAAAIDFMJoRdy+aK/PjvK72cy7sw9c+tr3AKBhT2lxke6/tRX7bosRQbwsMUEnSiAueQUoT5sJ/HfcZo9TpMch+XrvGbOJJ5Lwev9zlljwbBfPh5SjHiFd5c+p4r4evEdm/Hks4zuB1uC6C7d44zLahcbjbQ6r97bybWNr9ZY5tDoL59toNx9hH3VZbv37txu2Pq2+7yUuzfsPXPn6ObE571kdTr81lX+7912YMTv2KznUHAAAAALAYRrwjbi+fSzzjJhfQwYVxp+FU2ivxDI9B4qnrdRmH+gLeNbxVW4GRaPrrMV4VmjGNxpxnxN07ebU6+vb66BtzOueh4WnaMmV+fkq08Qa0c2Gp29TNdInbZlf72nw4ZfG68PvqnGvB61vJW996CGKp7wybNmRb03ewJrx2lbh68I9FZb1F4+rYXv1fybG3Rhwmin2C3HtxKWMo6V53AAAAAACLYfFGvPp/uV+k4KK7Qb+wr/rW2rHxhP2kDFDJMhnxqE7Qfzxup9/UmHtyrs6j028y16XCeampc5iun7NGgnxatPkIY52VEdfi6F0P1kBK2/W+tSG/r+47ZZa9dpW4QrQ5TbVd4Zb1bK9iCdqu5MfXta0z9oqc3Id9iOx8aGPQ4qrVHw8AAAAAwPxYEiNuL6Zz0C/s9b5T1BftdRvxBfxSG3GnvBpzE2dJZy6dMffk3B+/oWvcvXOoz1nLFGtEi8spW7wRr2Oovn9t+5F2yv/fJuXNjsF8e+325K+Ky18r/riVteSNpWd75xjr2LwcD4m9YYLceyhjyO4bAAAAAGBcFm/ESyJDWe3TfeEfXVxXbQYX4qUhqOuVF+lR+7aNsL36gj5pznoNQU2Yi15jFKHXqYxjZXLiPNTbbGxdYzbxJHNe9922Xe8bz60hJyeVOfPrSLz1+OKx9K6Rsj193+B12G/1ut0+yIib7dG89hjxel7iGP18BPNdxZlpZr26Qt1W13rz89m3PR53tU+1PbHvrI14SbQGqn38NevGURHOf0m77gAAAAAAFsNSGHGhvnh3lDJ9XRf2VbtuO8FFvLvNbd+Ys1o3Frf1mDO3rfQFfb1f065nIBKmwaOu0+zfyDFcwXj33XRjbFyc7WFOO7eHuUzOR4kynypenkUdZi1qM8inty3IVRCrNcL1ttu8voYZcfu67evGMue+CVZQ8uP3KwRrYogRL/Hn8sYyrvLfJg/KWlL6Tm8Xwvw78QTz6uekP/aajNyXpNdskD+X5LoDAAAAAFgMMzXiAKtGbKiXkQ6TWtG3HQAAAAAAZglGHGBicu/2LhqMOAAAAADAMoERBxiA95i7qOuR/aUBIw4AAAAAsExgxAEAAAAAAABGBCMOAAAAAAAAMCIYcQAAAAAAAIARwYgDAAAAAAAAjAhGHAAAAAAAAGBEMOIAAAAAAAAAI4IRBwAAAAAAABgRjDgAAAAAAADAiPQacVsBIYQQQgghhBBCs9Htt99ubHcMRhwhhBBCCCGEEJqhxITff//9xnbH8Gg6AAAAAAAAwIhgxAEAAAAAAABGBCMOAAAAAAAAMCIYcQAAAAAAAIARwYgDAAAAAAAAjAhGHAAAAAAAAGBEMOIAAAAAAAAAI4IRBwAAAAAAABgRjDgAAAAAAADAiGDEAQAAAAAAAEYEIw4AAAAAAAAwIhhxAAAAAAAAgBHBiAMAAAAAAACMCEYcAAAAAAAAYEQw4gAAAAAAAAAjghEHAAAAAAAAGBGMOAAAAAAAAMCIYMQBAAAAAAAARgQjDgAAAAAAADAiGHEAAAAAAACAEVn727/922LPnj2VLr300qpQK/vJT37SlF122WXJsh//+MdN2Xvf+95k2Y9+9KOm7PLLL0+W/fCHP2zKrrjiimTZ3/zN3zRlV155ZbLsf/7P/9mUXXXVVcmyH/zgB03Z3r17k2Xf//73m7Lf//3fT5Y9/PDDTdnVV1+dLPve977XlL3vfe9Lln33u99tyjY3N5NlDz30UFO2b9++ZNmDDz7YlO3fvz9Z9p3vfKcpu+aaa5Jl3/72t5uya6+9Nln2wAMPNGXvf//7q7K//uu/bsquu+66ZNn999/flP3BH/xBsuy+++5ryj7wgQ8ky44ePdqUffCDH0yWfetb32rKrr/++mTZN7/5zabsQx/6ULLsyJEjTdkf/uEfJsu+8Y1vNGU33HBDsuzee+9tym688cZk2V/91V81ZR/+8IeTZffcc09TdtNNNyXL7r777qbsIx/5SLLs61//elP2R3/0R8myr33ta03ZRz/60WTZV7/61absYx/7WLLsK1/5SlP28Y9/PFn25S9/uSn74z/+46rsS1/6UlN28803J8vuuuuupuwTn/hEsuyLX/xiU3bLLbcky/7H//gfTdknP/nJZNnhw4ebsltvvTVZdueddzZlf/Inf5Is++///b83ZZ/61KeSZf/tv/23puzTn/50suwv//Ivm7LbbrstWfZf/+t/bco+85nPJMu+8IUvNGUHDhxIlt1xxx1N2cGDB5Nlt99+e1P2p3/6p8myz3/+803Zn/3ZnyXL/uIv/qIpO3ToULLsc5/7XFP253/+58myz372s02Z/F+QbbZM9kmVSV+2TGJIlUnstkzGlCqTXNgyyVGqTHJryyTnqTKZK1smc5gqk7m3ZbImUmWylmyZrLFUmaxNWyZrNlUma92WyTGQKpNjx5bJMZUqk2PRlskxmiqTY9uWyTGfKpNzhS2Tc0iqTM49tkzOSakyOZfZMjnHpcrk3GjL5JwpyDnUlsm5NVUm52RbJufqVJmc422ZnPtTZfKeYcvkvSRVJu9Btkzem1Jl8p5my+S9LlUm75G2TN47U2XynmvL5L04VSbv4bZM3ttTZXJNYMvkWiFVJtcYtkyuPVJlcs1iy+RaJlUm10C2TK6NUmVyTWXL5ForVSbXaLZMrt1SZXLNZ8vkWjBVJteQtkyuLQW51rRlcg2aKpNrV1sm17SpMrkWtmVyjZwqk2trWybX3KkyuVa3ZXINnyqTa39bJp4gVSZewpaJx0iViTexZeJZUmXidWyZeKBUmXgnWyaeKlUmXsyWiUdLlYm3s2Xi+VJl4hVtmXjIVJl4T1smnjRVJl7WlonHTZWJN7Zl4plTZfa1KAVGPFGGEceIp8ow4hjxVBlGHCMuYMQx4qkyjDhGPFWGEceIp8ow4tvYiJt/AQAAAAAAAGAEMOIAAAAAAAAAI4IRBwAAAAAAABgRjDgAAAAAAADAiGDEAQAAAAAAAEYEIw4AAAAAAAAwIhhxAAAAAAAAgBHBiAMAAAAAAACMCEYcAAAAAAAAYEQw4gAAAAAAAAAjghEHAAAAAAAAGBGMOAAAAAAAAMCIYMQBAAAAAAAARgQjDgAAAAAAADAiGHEAAAAAAACAEcGIAwAAAAAAAIwIRhwAAAAAAABgRDDiAAAAAAAAACOCEQcAAAAAAAAYEYw4DOBAsbG2VqxV2ihfAWxB7tks1u063mlX8ZFic4dd2+vF5j2mGAAAAABgDqyt7zti/mvBbEEK1sasObJv3eRT18ZBU3HJ0OKOzyUu7trpqztnMOIAAAAAsGC2kBF34tqxWV42w7S4ZmpZDd/CUU3b7HDnoD0WXVO4ZHMzYT4O7GzHI1o+Iw4AAAAAMB4Y8RUGI57BQoy4X748ZnGyY9AbixFGHAAAAABWmcFGvP+iOrW/c5fPvYjPuSh26wTy+tbqDTTt2vhEnlHN6se9qyl5cPPi13fvFvqGOGzD4eBGs0+jIIa2XXnU1mmrzHN4h7JV14cviXicWGQ+/By29bw+w3x1zLH6IUE4/h0bxUYqV17crXo/fNBybOTuO43RdPd198kp96XPW2qew7Gr7QbHo1unN3eWJodlfME6ySM4birFY02uda1+4pzjt2EKw7rBmtDHocXM4+4AAAAA0DLAiDsXt42J0soyLmjddrMvzp24QhNX0pqEtk+tLE3CZJpyazzy+0mYAc0EJIxBr2FoyvTYUybM7jfcWCVypJqTcPymj86xunnviE9bM267bjtNuTM3QwxhKt4KZ4w9x0QKd4xtLIk8l1T1vThSddNxyLpo89nWa/vXjzXvuN7nz7k+VtuOyf2QvAtO/SZerazEX+t2rhPnjMSceuOza8VbV239/rXZzsXw4wwAAAAAtjvltaG5wFSVcTGpXVz3XEC75W27zsWvSocRT5qlbvPuknWxPKifDIPUlOt11dw0eQzypeRcNRYOww1CYkzaGijR+3fa6JkTL69Nvp2yIXn15mtADB1GfNAxkcBtQ9MsDGtXG23/bi7dcjt3bn7XyzZNbc+o6vOhnRf6x5U6drV5Tq/1XnPtzOmQunp5G7M/Pm0dAwAAAMAqk31HPGnqei5IbVm9f9meuRiv+x1giNw2w7rJC3z9oj0ms96gflJt6uWx8XFy7oy3nYe0bGzJOTMkjWSSxJgSedH778q1uy2QzUHKGGntunWTCmMISPbXkd+OfULcOfDWlJPTaL13jKtpw93fKjrGOvLtqF4b+nlBcNekXUdNmTv+5PGjMDDvqblQyxNtD6mrlms5DxXNAQAAAACsIplG3L1g7zAdzUWmU78qM6+r/5v2q4vXtq/eC3M3ruBiNmlm3DjCuD3SJsNlWD9umdtmqjzMhZab3PHUpMyJZZmMuBtLO7/KnLtmxzNoSrvJugNIGsKOuVCPCZ28NWXnxy9r6vfmP5SNN2/d16THG4/BbbdL+rqs6Jg7d1yR8Q/aVMsTczqkrlaenksAAAAAAJ853RF3L0rLNkydui97Qd+Wd16QNyimzJIwIr556DIamfUG9ZNqM91Xk2MZX9NXhrFI0FfXNQ6LNeKpnExpxFMmaggdbQw9JjQGGfFUu8l1WdPG6ajaP5V3ndR4sw1oT5weA/Oeik0tT7Q9pK5aPmR8AAAAALDSZBvxpGlLXXw6F6rrO+p97X51W+vFxk7TZs9dw5oOI568aO/YJ6C9CO8wpYP6SZmcDvPT5NLJjdfPANNTkjInluScJknEnlgDev9aG6l50spTdXvaDXOdS3LOO/I3wJCl59Mdj8lfqt3c/pSxZK17y6B5VhiQl2HznI5BLU/M6ZC6arlb5sUMAAAAAOAzl19Nr3EvmEVOW+4FqygwOCnaC+XYVLWGpr2I1srSdI/b/xAhpx/dMKTLBTeGWrE58vPqbTd5tWW9BsmZh35jJCRiH2TQ9Da0uq5JdddXW9cZv7em9NjCNVq102uYnHi71nizrat+jDtGbw7cuJvjQzOnbj7bNqp2w/6dNtt14665YJ1U9RNzZ9t28953HCfWSRItXnUM+voR1PJEzEPqpsq9Nevlw+SuL0cAAAAAsBIMMOI13oWmUeqiOn1R6htO94K6G990iLy+PTNmlGGGXLTxibwYs/pxY3XzmCqv8fuPtzc4hsRXu0/KnHhE7XT0mYo9YbD0/nPyUmt936ZiPGuieXL/jnjnXPjKMoRllO56FbnrYcgxEZJab1bRsRGtvTK3zp8Ss/2m29XnN1lfOX60ulnHcGKddBPnXhvDshjxGi3mWvnnOgAAAADYzqyZfwG2OI754a4jAAAAAAAsMRhx2HrIndXkHXL/jigAAAAAAMCygRGHrUfqsXzlMWoAAAAAAIBlAyMOAAAAAAAAMCIYcQAAAAAAAIARwYgDAAAAAAAAjAhGHAAAAAAAAGBEMOIAAAAAAAAAI7IcRvyezWJ9ba3YOGheb2vqv3e9vo/f9x4d79fWN8qZWFG2fB7mfQzZv0kvuTlSbO6Q//Nn8SbCrLVqrsx5vv/v/Nv815rmfeHAzrKNjL+mkFsPAAAAYFZERry6IOm9UBqCf1GlXlxtRyOeHBNGfCEMWWPGPGyr9WjZSsfaIo8hdw2YOLz+TJl7TrOaKrdTzk/99/SX58MV1+DWsfV9oGE++PDeg0zZBEYZIw4AAADLim/E7cXljIx4feGlXDC7d0mEKS8+l5LkmDDii2CQQdnGRnzZjFonCz2GavNn+4iMmoktdW6b2NRNeS5crvmt56kei5/PJOr4MeIAAACw/aiNuL14tJqFEU9dqDYcKDbttikvPpeS5Jgw4ougMihcaG+tPCz6GJLzYpMr6dO5m9t5fqvjmyjPU54Ll8qIu/mrxpURV1Vvdl8DwIgDAADAshI8mq49FjgZ1YVN7gWhc/FZ72el7W9ibOokLlpNm91tmQvmznphnYyLxKjvWnWcrYmoL5rt9kS7WePQyBlbXy5T66Edg6U1AE6/7oVt+GFPqdDE+HM/xGh1j8PPc63Otp31aGku1INx1HXC/vvWUC0/14YwTzvWo1gqJlgX6TzoazIavylv92tp5j+Iy9bz998qx1AHps0wDw1mHtscxmtU5O3fOeb+/bX59Y5J5bxe79PmLbXO1XHOOq/a+M05pImrrtnQty71/fRcau0DAAAAzIei+P8BeV3oTK2CO3UAAAAASUVORK5CYII=', NULL);

-- --------------------------------------------------------

--
-- Estructura de tabla para la tabla `capitulo`
--

CREATE TABLE `capitulo` (
  `id` int(11) NOT NULL,
  `titulo_capitulo` varchar(100) NOT NULL,
  `titulo_material` varchar(100) DEFAULT NULL,
  `descripcion_material` varchar(150) DEFAULT NULL,
  `estado_foro` tinyint(1) NOT NULL DEFAULT 1,
  `titulo_foro` varchar(100) DEFAULT NULL,
  `descripcion_foro` varchar(200) DEFAULT NULL,
  `id_clase` int(11) NOT NULL
) ENGINE=InnoDB DEFAULT CHARSET=utf8mb4;

--
-- Volcado de datos para la tabla `capitulo`
--

INSERT INTO `capitulo` (`id`, `titulo_capitulo`, `titulo_material`, `descripcion_material`, `estado_foro`, `titulo_foro`, `descripcion_foro`, `id_clase`) VALUES
(1, 'Tema 1 ', 'introduccion a la simulacion d', 'se adjunta el material de introduccion a la  simulacion de sistemas', 0, 'foro del tema 1', 'foro de retroalimentacion del tema \"introduccion a la simulacion de sistemas\"', 1),
(2, 'tema 2', 'Generacion de variables aleato', 'se adjunta el material de generacion de variables aleatorias', 1, 'foro del tema 2', 'foro de retroalimentacion del tema \"introduccion a la simulacion de sistemas\"', 1);

-- --------------------------------------------------------

--
-- Estructura de tabla para la tabla `clase`
--

CREATE TABLE `clase` (
  `id` int(11) NOT NULL,
  `nombre_clase` varchar(70) NOT NULL
) ENGINE=InnoDB DEFAULT CHARSET=utf8mb4;

--
-- Volcado de datos para la tabla `clase`
--

INSERT INTO `clase` (`id`, `nombre_clase`) VALUES
(1, 'simulacion de sistemas(1-2022)'),
(2, 'clase_prueba 1');

-- --------------------------------------------------------

--
-- Estructura de tabla para la tabla `mensaje`
--

CREATE TABLE `mensaje` (
  `id` int(11) NOT NULL,
  `contenido` varchar(200) NOT NULL,
  `id_capitulo` int(11) NOT NULL,
  `autor` varchar(60) NOT NULL
) ENGINE=InnoDB DEFAULT CHARSET=utf8mb4;

--
-- Volcado de datos para la tabla `mensaje`
--

INSERT INTO `mensaje` (`id`, `contenido`, `id_capitulo`, `autor`) VALUES
(1, 'ejemplo de mensaje', 1, 'juan perez perez');

-- --------------------------------------------------------

--
-- Estructura de tabla para la tabla `practica`
--

CREATE TABLE `practica` (
  `id` int(11) NOT NULL,
  `id_capitulo` int(11) NOT NULL,
  `contenido` varchar(255) DEFAULT NULL,
  `titulo_practica` varchar(150) DEFAULT NULL,
  `enlace_practica` varchar(255) DEFAULT NULL
) ENGINE=InnoDB DEFAULT CHARSET=utf8mb4;

--
-- Volcado de datos para la tabla `practica`
--

INSERT INTO `practica` (`id`, `id_capitulo`, `contenido`, `titulo_practica`, `enlace_practica`) VALUES
(1, 1, 'public class prueba{ \n }', 'ejericio 1', '');

-- --------------------------------------------------------

--
-- Estructura de tabla para la tabla `rol`
--

CREATE TABLE `rol` (
  `id` int(11) NOT NULL,
  `nombre_rol` varchar(18) NOT NULL
) ENGINE=InnoDB DEFAULT CHARSET=utf8mb4;

--
-- Volcado de datos para la tabla `rol`
--

INSERT INTO `rol` (`id`, `nombre_rol`) VALUES
(1, 'administrador'),
(2, 'estudiante'),
(3, 'docente');

-- --------------------------------------------------------

--
-- Estructura de tabla para la tabla `usuario`
--

CREATE TABLE `usuario` (
  `id` int(11) NOT NULL,
  `nombre_completo` varchar(255) NOT NULL,
  `id_rol` int(11) NOT NULL,
  `email` varchar(150) NOT NULL,
  `PASSWORD` varchar(30) NOT NULL
) ENGINE=InnoDB DEFAULT CHARSET=utf8mb4;

--
-- Volcado de datos para la tabla `usuario`
--

INSERT INTO `usuario` (`id`, `nombre_completo`, `id_rol`, `email`, `PASSWORD`) VALUES
(1, 'Felipe Perez Perez', 1, 'admin@gmail.com', 'contrasena'),
(2, 'Ernesto Valle Valle', 3, 'docente1@gmail.com', 'contrasena'),
(3, 'Juana Coca Coca', 2, 'estudiante1@gmai.com', 'contrasena'),
(5, 'nuevo estudiante ', 2, 'nuevoest@gmail.com', 'nuevo est'),
(6, 'David Jimenez', 2, 'davidEst@gmail.com', 'davidpass');

-- --------------------------------------------------------

--
-- Estructura de tabla para la tabla `usuario_clase`
--

CREATE TABLE `usuario_clase` (
  `id` int(11) NOT NULL,
  `id_clase` int(11) NOT NULL,
  `id_usuario` int(11) NOT NULL
) ENGINE=InnoDB DEFAULT CHARSET=utf8mb4;

--
-- Volcado de datos para la tabla `usuario_clase`
--

INSERT INTO `usuario_clase` (`id`, `id_clase`, `id_usuario`) VALUES
(1, 1, 1),
(2, 1, 2),
(3, 1, 3),
(4, 1, 5),
(5, 1, 6),
(6, 1, 6);

--
-- Índices para tablas volcadas
--

--
-- Indices de la tabla `archivo`
--
ALTER TABLE `archivo`
  ADD PRIMARY KEY (`id`),
  ADD KEY `id_material` (`id_capitulo`);

--
-- Indices de la tabla `capitulo`
--
ALTER TABLE `capitulo`
  ADD PRIMARY KEY (`id`),
  ADD KEY `FK_Capitulo_Clase` (`id_clase`);

--
-- Indices de la tabla `clase`
--
ALTER TABLE `clase`
  ADD PRIMARY KEY (`id`);

--
-- Indices de la tabla `mensaje`
--
ALTER TABLE `mensaje`
  ADD PRIMARY KEY (`id`),
  ADD KEY `id_foro` (`id_capitulo`);

--
-- Indices de la tabla `practica`
--
ALTER TABLE `practica`
  ADD PRIMARY KEY (`id`),
  ADD KEY `id_capitulo` (`id_capitulo`);

--
-- Indices de la tabla `rol`
--
ALTER TABLE `rol`
  ADD PRIMARY KEY (`id`);

--
-- Indices de la tabla `usuario`
--
ALTER TABLE `usuario`
  ADD PRIMARY KEY (`id`),
  ADD KEY `id_rol` (`id_rol`);

--
-- Indices de la tabla `usuario_clase`
--
ALTER TABLE `usuario_clase`
  ADD PRIMARY KEY (`id`),
  ADD KEY `id_clase` (`id_clase`),
  ADD KEY `id_usuario` (`id_usuario`);

--
-- AUTO_INCREMENT de las tablas volcadas
--

--
-- AUTO_INCREMENT de la tabla `archivo`
--
ALTER TABLE `archivo`
  MODIFY `id` int(11) NOT NULL AUTO_INCREMENT, AUTO_INCREMENT=9;

--
-- AUTO_INCREMENT de la tabla `capitulo`
--
ALTER TABLE `capitulo`
  MODIFY `id` int(11) NOT NULL AUTO_INCREMENT, AUTO_INCREMENT=3;

--
-- AUTO_INCREMENT de la tabla `clase`
--
ALTER TABLE `clase`
  MODIFY `id` int(11) NOT NULL AUTO_INCREMENT, AUTO_INCREMENT=3;

--
-- AUTO_INCREMENT de la tabla `mensaje`
--
ALTER TABLE `mensaje`
  MODIFY `id` int(11) NOT NULL AUTO_INCREMENT, AUTO_INCREMENT=2;

--
-- AUTO_INCREMENT de la tabla `practica`
--
ALTER TABLE `practica`
  MODIFY `id` int(11) NOT NULL AUTO_INCREMENT, AUTO_INCREMENT=2;

--
-- AUTO_INCREMENT de la tabla `rol`
--
ALTER TABLE `rol`
  MODIFY `id` int(11) NOT NULL AUTO_INCREMENT, AUTO_INCREMENT=6;

--
-- AUTO_INCREMENT de la tabla `usuario`
--
ALTER TABLE `usuario`
  MODIFY `id` int(11) NOT NULL AUTO_INCREMENT, AUTO_INCREMENT=7;

--
-- AUTO_INCREMENT de la tabla `usuario_clase`
--
ALTER TABLE `usuario_clase`
  MODIFY `id` int(11) NOT NULL AUTO_INCREMENT, AUTO_INCREMENT=7;

--
-- Restricciones para tablas volcadas
--

--
-- Filtros para la tabla `archivo`
--
ALTER TABLE `archivo`
  ADD CONSTRAINT `archivo_ibfk_1` FOREIGN KEY (`id_capitulo`) REFERENCES `capitulo` (`id`);

--
-- Filtros para la tabla `capitulo`
--
ALTER TABLE `capitulo`
  ADD CONSTRAINT `FK_Capitulo_Clase` FOREIGN KEY (`id_clase`) REFERENCES `clase` (`id`);

--
-- Filtros para la tabla `mensaje`
--
ALTER TABLE `mensaje`
  ADD CONSTRAINT `mensaje_ibfk_1` FOREIGN KEY (`id_capitulo`) REFERENCES `capitulo` (`id`);

--
-- Filtros para la tabla `practica`
--
ALTER TABLE `practica`
  ADD CONSTRAINT `practica_ibfk_1` FOREIGN KEY (`id_capitulo`) REFERENCES `capitulo` (`id`);

--
-- Filtros para la tabla `usuario`
--
ALTER TABLE `usuario`
  ADD CONSTRAINT `usuario_ibfk_1` FOREIGN KEY (`id_rol`) REFERENCES `rol` (`id`);

--
-- Filtros para la tabla `usuario_clase`
--
ALTER TABLE `usuario_clase`
  ADD CONSTRAINT `usuario_clase_ibfk_1` FOREIGN KEY (`id_clase`) REFERENCES `clase` (`id`),
  ADD CONSTRAINT `usuario_clase_ibfk_2` FOREIGN KEY (`id_usuario`) REFERENCES `usuario` (`id`);
COMMIT;

/*!40101 SET CHARACTER_SET_CLIENT=@OLD_CHARACTER_SET_CLIENT */;
/*!40101 SET CHARACTER_SET_RESULTS=@OLD_CHARACTER_SET_RESULTS */;
/*!40101 SET COLLATION_CONNECTION=@OLD_COLLATION_CONNECTION */;
